column,name,lifetime_years,annual_km,lifetime_km,electricity_region,vehicle_weight_kg,battery_capacity_kwh,production_region,battery_chemistry,hydrogen_pathway,occupancy,service_vehicle,service_km_per_vehicle_day,vehicles_per_service_trip,share_steel,share_stainless_steel,share_cast_iron,share_wrought_aluminum,share_cast_aluminum,share_copper_brass,share_glass,share_plastics,share_carbon_fiber,share_rubber,share_others,battery_replacements,fluids_energy_mj,fluids_ghg_g,fluids_weight_scaled,fuel_consumption_per_100km,electricity_consumption_kwh_per_km,hydrogen_consumption_per_100km,electric_driving_share,fuel_type,delivery_weight_computed,delivery_weight_kg,delivery_km_air,delivery_km_ship,delivery_km_train_a,delivery_km_train_b,delivery_km_heavy_truck_a,delivery_km_heavy_truck_b,delivery_km_medium_truck_a,delivery_km_medium_truck_b,delivery_km_van_a,delivery_km_van_b,services_uses_intensity_table,infra_category,infra1_type,infra2_type,infra1_asphalt_t_per_km,infra1_cement_t_per_km,infra1_steel_t_per_km,infra2_asphalt_t_per_km,infra2_cement_t_per_km,infra2_steel_t_per_km,infra1_lifetime_years,infra2_lifetime_years,infra1_annual_use_mvkm,infra2_annual_use_mvkm,infra_share_1,infra_rail_allocation
D,Private e-scooter,3,2200,6600,World,10.88147987687259,0.33,With Al smelting mostly form coal,NMC111,,1,None,0,0.0,0.16846973212681013,0.0,0.0,0.5513955884578119,0.039810761486654016,0.03065759471825434,0.0,0.0,0.0,0.07627638973666398,0.1333899334738057,0,0.021012788267431037,1593.1928691498094,1,0.0,0.011000000000000001,0.0,1,,0,17.5,0.0,11800,0.0,0.0,0.0,0.0,4000,0.0,0.0,0.0,1,"Bicycles, e-scooters",Bike lane,Urban road,0.12,22.5,0,1,212.5,0.1,30,30,459.8114285714287,1110.649165528301,0.2,0
E,"Shared e-scooter (first generation, worst case)",0.5,1450,725,100% coal,13.601849846090737,0.33,With Al smelting mostly form coal,NMC111,,1,Van - ICE,16.875,5,0.16846973212681013,0.0,0.0,0.5513955884578119,0.039810761486654016,0.03065759471825434,0.0,0.0,0.0,0.07627638973666398,0.1333899334738057,0,0.026265985334288797,1991.4910864372616,1,0.0,0.0061875,0.0,1,,0,17.5,0.0,11800,0.0,0.0,0.0,0.0,4000,0.0,0.0,0.0,1,"Bicycles, e-scooters",Bike lane,Urban road,0.12,22.5,0,1,212.5,0.1,30,30,459.8114285714287,1110.649165528301,0.2,0
F,"Shared e-scooter (first generation, best case)",1.5,4350,6525,"100% solar, wind or hydro",10.88147987687259,0.33,Default,NMC111,,1,Van - BEV,5.625,15,0.16846973212681013,0.0,0.0,0.5513955884578119,0.039810761486654016,0.03065759471825434,0.0,0.0,0.0,0.07627638973666398,0.1333899334738057,0,0.021012788267431037,1593.1928691498094,1,0.0,0.0061875,0.0,1,,0,17.5,0.0,11800,0.0,0.0,0.0,0.0,4000,0.0,0.0,0.0,1,"Bicycles, e-scooters",Bike lane,Urban road,0.12,22.5,0,1,212.5,0.1,30,30,459.8114285714287,1110.649165528301,0.2,0
G,"Shared e-scooter (first generation central case, daily distance 50% lower)",0.8333333333333334,1450,1208.3333333333335,World,10.88147987687259,0.33,With Al smelting mostly form coal,NMC111,,1,Van - ICE,11.25,10,0.16846973212681013,0.0,0.0,0.5513955884578119,0.039810761486654016,0.03065759471825434,0.0,0.0,0.0,0.07627638973666398,0.1333899334738057,0,0.021012788267431037,1593.1928691498094,1,0.0,0.0061875,0.0,1,,0,17.5,0.0,11800,0.0,0.0,0.0,0.0,4000,0.0,0.0,0.0,1,"Bicycles, e-scooters",Bike lane,Urban road,0.12,22.5,0,1,212.5,0.1,30,30,459.8114285714287,1110.649165528301,0.2,0
H,"Shared e-scooter (first generation central case, daily distance 50% higher)",0.8333333333333334,4350,3625,World,10.88147987687259,0.33,With Al smelting mostly form coal,NMC111,,1,Van - ICE,11.25,10,0.16846973212681013,0.0,0.0,0.5513955884578119,0.039810761486654016,0.03065759471825434,0.0,0.0,0.0,0.07627638973666398,0.1333899334738057,0,0.021012788267431037,1593.1928691498094,1,0.0,0.0061875,0.0,1,,0,17.5,0.0,11800,0.0,0.0,0.0,0.0,4000,0.0,0.0,0.0,1,"Bicycles, e-scooters",Bike lane,Urban road,0.12,22.5,0,1,212.5,0.1,30,30,459.8114285714287,1110.649165528301,0.2,0
I,"Shared e-scooter (first generation central case, low-carbon EVs for operational services)",0.8333333333333334,2900,2416.666666666667,World,10.88147987687259,0.33,With Al smelting mostly form coal,NMC111,,1,Van - BEV (low carbon),11.25,10,0.16846973212681013,0.0,0.0,0.5513955884578119,0.039810761486654016,0.03065759471825434,0.0,0.0,0.0,0.07627638973666398,0.1333899334738057,0,0.021012788267431037,1593.1928691498094,1,0.0,0.00825,0.0,1,,0,17.5,0.0,11800,0.0,0.0,0.0,0.0,4000,0.0,0.0,0.0,1,"Bicycles, e-scooters",Bike lane,Urban road,0.12,22.5,0,1,212.5,0.1,30,30,459.8114285714287,1110.649165528301,0.2,0
J,"Shared e-scooter (first generation central case, EVs for operational services)",0.8333333333333334,2900,2416.666666666667,World,10.88147987687259,0.33,With Al smelting mostly form coal,NMC111,,1,Van - BEV,11.25,10,0.16846973212681013,0.0,0.0,0.5513955884578119,0.039810761486654016,0.03065759471825434,0.0,0.0,0.0,0.07627638973666398,0.1333899334738057,0,0.021012788267431037,1593.1928691498094,1,0.0,0.00825,0.0,1,,0,17.5,0.0,11800,0.0,0.0,0.0,0.0,4000,0.0,0.0,0.0,1,"Bicycles, e-scooters",Bike lane,Urban road,0.12,22.5,0,1,212.5,0.1,30,30,459.8114285714287,1110.649165528301,0.2,0
K,"Shared e-scooter (first generation central case, 50% more vehicles per servicing trip)",0.8333333333333334,2900,2416.666666666667,World,10.88147987687259,0.33,With Al smelting mostly form coal,NMC111,,1,Van - ICE,11.25,15,0.16846973212681013,0.0,0.0,0.5513955884578119,0.039810761486654016,0.03065759471825434,0.0,0.0,0.0,0.07627638973666398,0.1333899334738057,0,0.021012788267431037,1593.1928691498094,1,0.0,0.0061875,0.0,1,,0,17.5,0.0,11800,0.0,0.0,0.0,0.0,4000,0.0,0.0,0.0,1,"Bicycles, e-scooters",Bike lane,Urban road,0.12,22.5,0,1,212.5,0.1,30,30,459.8114285714287,1110.649165528301,0.2,0
L,"Shared e-scooter (first generation central case, 50% less vehicles per servcing trip)",0.8333333333333334,2900,2416.666666666667,World,10.88147987687259,0.33,With Al smelting mostly form coal,NMC111,,1,Van - ICE,11.25,5,0.16846973212681013,0.0,0.0,0.5513955884578119,0.039810761486654016,0.03065759471825434,0.0,0.0,0.0,0.07627638973666398,0.1333899334738057,0,0.021012788267431037,1593.1928691498094,1,0.0,0.00825,0.0,1,,0,17.5,0.0,11800,0.0,0.0,0.0,0.0,4000,0.0,0.0,0.0,1,"Bicycles, e-scooters",Bike lane,Urban road,0.12,22.5,0,1,212.5,0.1,30,30,459.8114285714287,1110.649165528301,0.2,0
M,"Shared e-scooter (first generation central case, vehicle servicing distance 50% down)",0.8333333333333334,2900,2416.666666666667,World,10.88147987687259,0.33,With Al smelting mostly form coal,NMC111,,1,Van - ICE,5.625,10,0.16846973212681013,0.0,0.0,0.5513955884578119,0.039810761486654016,0.03065759471825434,0.0,0.0,0.0,0.07627638973666398,0.1333899334738057,0,0.021012788267431037,1593.1928691498094,1,0.0,0.00825,0.0,1,,0,17.5,0.0,11800,0.0,0.0,0.0,0.0,4000,0.0,0.0,0.0,1,"Bicycles, e-scooters",Bike lane,Urban road,0.12,22.5,0,1,212.5,0.1,30,30,459.8114285714287,1110.649165528301,0.2,0
N,"Shared e-scooter (first generation central case, vehicle servicing distance 50% up)",0.8333333333333334,2900,2416.666666666667,World,10.88147987687259,0.33,With Al smelting mostly form coal,NMC111,,1,Van - ICE,16.875,10,0.16846973212681013,0.0,0.0,0.5513955884578119,0.039810761486654016,0.03065759471825434,0.0,0.0,0.0,0.07627638973666398,0.1333899334738057,0,0.021012788267431037,1593.1928691498094,1,0.0,0.00825,0.0,1,,0,17.5,0.0,11800,0.0,0.0,0.0,0.0,4000,0.0,0.0,0.0,1,"Bicycles, e-scooters",Bike lane,Urban road,0.12,22.5,0,1,212.5,0.1,30,30,459.8114285714287,1110.649165528301,0.2,0
O,"Shared e-scooter (first generation central case, 50% higher lifetime)",1.5,2900,4350,World,10.88147987687259,0.33,With Al smelting mostly form coal,NMC111,,1,Van - ICE,11.25,10,0.16846973212681013,0.0,0.0,0.5513955884578119,0.039810761486654016,0.03065759471825434,0.0,0.0,0.0,0.07627638973666398,0.1333899334738057,0,0.021012788267431037,1593.1928691498094,1,0.0,0.00825,0.0,1,,0,17.5,0.0,11800,0.0,0.0,0.0,0.0,4000,0.0,0.0,0.0,1,"Bicycles, e-scooters",Bike lane,Urban road,0.12,22.5,0,1,212.5,0.1,30,30,459.8114285714287,1110.649165528301,0.2,0
P,"Shared e-scooter (first generation central case, 50% lower lifetime)",0.5,2900,1450,World,10.88147987687259,0.33,With Al smelting mostly form coal,NMC111,,1,Van - ICE,11.25,10,0.16846973212681013,0.0,0.0,0.5513955884578119,0.039810761486654016,0.03065759471825434,0.0,0.0,0.0,0.07627638973666398,0.1333899334738057,0,0.021012788267431037,1593.1928691498094,1,0.0,0.00825,0.0,1,,0,17.5,0.0,11800,0.0,0.0,0.0,0.0,4000,0.0,0.0,0.0,1,"Bicycles, e-scooters",Bike lane,Urban road,0.12,22.5,0,1,212.5,0.1,30,30,459.8114285714287,1110.649165528301,0.2,0
Q,"Shared e-scooter (first generation central case, 25% less battery capacity)",0.8333333333333334,2900,2416.666666666667,World,10.88147987687259,0.2475,With Al smelting mostly form coal,NMC111,,1,Van - ICE,11.25,10,0.16846973212681013,0.0,0.0,0.5513955884578119,0.039810761486654016,0.03065759471825434,0.0,0.0,0.0,0.07627638973666398,0.1333899334738057,0,0.021012788267431037,1593.1928691498094,1,0.0,0.011000000000000001,0.0,1,,0,17.5,0.0,11800,0.0,0.0,0.0,0.0,4000,0.0,0.0,0.0,1,"Bicycles, e-scooters",Bike lane,Urban road,0.12,22.5,0,1,212.5,0.1,30,30,459.8114285714287,1110.649165528301,0.2,0
R,"Shared e-scooter (first generation central case, 25% more battery capacity)",0.8333333333333334,2900,2416.666666666667,World,10.88147987687259,0.41250000000000003,With Al smelting mostly form coal,NMC111,,1,Van - ICE,11.25,10,0.16846973212681013,0.0,0.0,0.5513955884578119,0.039810761486654016,0.03065759471825434,0.0,0.0,0.0,0.07627638973666398,0.1333899334738057,0,0.021012788267431037,1593.1928691498094,1,0.0,0.011000000000000001,0.0,1,,0,17.5,0.0,11800,0.0,0.0,0.0,0.0,4000,0.0,0.0,0.0,1,"Bicycles, e-scooters",Bike lane,Urban road,0.12,22.5,0,1,212.5,0.1,30,30,459.8114285714287,1110.649165528301,0.2,0
S,"Shared e-scooter (first generation central case, 25% heavier vehicle)",0.8333333333333334,2900,2416.666666666667,World,13.601849846090737,0.33,With Al smelting mostly form coal,NMC111,,1,Van - ICE,11.25,10,0.16846973212681013,0.0,0.0,0.5513955884578119,0.039810761486654016,0.03065759471825434,0.0,0.0,0.0,0.07627638973666398,0.1333899334738057,0,0.026265985334288797,1991.4910864372616,1,0.0,0.011000000000000001,0.0,1,,0,17.5,0.0,11800,0.0,0.0,0.0,0.0,4000,0.0,0.0,0.0,1,"Bicycles, e-scooters",Bike lane,Urban road,0.12,22.5,0,1,212.5,0.1,30,30,459.8114285714287,1110.649165528301,0.2,0
T,"Shared e-scooter (first generation central case, low carbon Al smelting)",0.8333333333333334,2900,2416.666666666667,World,10.88147987687259,0.33,Default,NMC111,,1,Van - ICE,11.25,10,0.16846973212681013,0.0,0.0,0.5513955884578119,0.039810761486654016,0.03065759471825434,0.0,0.0,0.0,0.07627638973666398,0.1333899334738057,0,0.021012788267431037,1593.1928691498094,1,0.0,0.011000000000000001,0.0,1,,0,17.5,0.0,11800,0.0,0.0,0.0,0.0,4000,0.0,0.0,0.0,1,"Bicycles, e-scooters",Bike lane,Urban road,0.12,22.5,0,1,212.5,0.1,30,30,459.8114285714287,1110.649165528301,0.2,0
U,"Shared e-scooter (first generation central case, high carbon electricity in use phase)",0.8333333333333334,2900,2416.666666666667,100% coal,10.88147987687259,0.33,With Al smelting mostly form coal,NMC111,,1,Van - ICE,11.25,10,0.16846973212681013,0.0,0.0,0.5513955884578119,0.039810761486654016,0.03065759471825434,0.0,0.0,0.0,0.07627638973666398,0.1333899334738057,0,0.021012788267431037,1593.1928691498094,1,0.0,0.011000000000000001,0.0,1,,0,17.5,0.0,11800,0.0,0.0,0.0,0.0,4000,0.0,0.0,0.0,1,"Bicycles, e-scooters",Bike lane,Urban road,0.12,22.5,0,1,212.5,0.1,30,30,459.8114285714287,1110.649165528301,0.2,0
V,"Shared e-scooter (first generation central case, low carbon electricity in use phase)",0.8333333333333334,2900,2416.666666666667,"100% solar, wind or hydro",10.88147987687259,0.33,With Al smelting mostly form coal,NMC111,,1,Van - ICE,11.25,10,0.16846973212681013,0.0,0.0,0.5513955884578119,0.039810761486654016,0.03065759471825434,0.0,0.0,0.0,0.07627638973666398,0.1333899334738057,0,0.021012788267431037,1593.1928691498094,1,0.0,0.011000000000000001,0.0,1,,0,17.5,0.0,11800,0.0,0.0,0.0,0.0,4000,0.0,0.0,0.0,1,"Bicycles, e-scooters",Bike lane,Urban road,0.12,22.5,0,1,212.5,0.1,30,30,459.8114285714287,1110.649165528301,0.2,0
W,"Shared e-scooter (first generation, central case)",0.8333333333333334,2900,2416.666666666667,World,10.88147987687259,0.33,With Al smelting mostly form coal,NMC111,,1,Van - ICE,11.25,10,0.16846973212681013,0.0,0.0,0.5513955884578119,0.039810761486654016,0.03065759471825434,0.0,0.0,0.0,0.07627638973666398,0.1333899334738057,0,0.021012788267431037,1593.1928691498094,1,0.0,0.011000000000000001,0.0,1,,0,17.5,0.0,11800,0.0,0.0,0.0,0.0,4000,0.0,0.0,0.0,1,"Bicycles, e-scooters",Bike lane,Urban road,0.12,22.5,0,1,212.5,0.1,30,30,459.8114285714287,1110.649165528301,0.2,0
X,"Shared e-scooter (new generation),- All improvements combined",1.9666666666666668,4350,8555,"100% solar, wind or hydro",24.63666895813913,0.551,Default,NMC111,,1,Van - BEV (low carbon),5.625,21.0875,0.169068107668181,0.0,0.0,0.4974292596463759,0.06264138234849129,0.048239070063381115,0.0,0.0,0.0,0.046272489269430325,0.17634969100414033,0.30000000000000004,0.04757488083330027,3607.1348518628806,1,0.0,0.011899999999999999,0.0,1,,0,33.77109226026398,0.0,11800,0.0,0.0,0.0,0.0,4000,0.0,0.0,0.0,1,"Bicycles, e-scooters",Bike lane,Urban road,0.12,22.5,0,1,212.5,0.1,30,30,459.8114285714287,1110.649165528301,0.2,0
Y,Shared e-scooter (new generation) - Low-carbon electricity in use phase,1.9666666666666668,2900,5703.333333333334,"100% solar, wind or hydro",24.63666895813913,0.551,With Al smelting mostly form coal,NMC111,,1,Van - ICE,11.25,14.058333333333334,0.169068107668181,0.0,0.0,0.4974292596463759,0.06264138234849129,0.048239070063381115,0.0,0.0,0.0,0.046272489269430325,0.17634969100414033,0.30000000000000004,0.04757488083330027,3607.1348518628806,1,0.0,0.011899999999999999,0.0,1,,0,33.77109226026398,0.0,11800,0.0,0.0,0.0,0.0,4000,0.0,0.0,0.0,1,"Bicycles, e-scooters",Bike lane,Urban road,0.12,22.5,0,1,212.5,0.1,30,30,459.8114285714287,1110.649165528301,0.2,0
Z,Shared e-scooter (new generation) - 50% lower service distance,1.9666666666666668,2900,5703.333333333334,World,24.63666895813913,0.551,With Al smelting mostly form coal,NMC111,,1,Van - ICE,5.625,14.058333333333334,0.169068107668181,0.0,0.0,0.4974292596463759,0.06264138234849129,0.048239070063381115,0.0,0.0,0.0,0.046272489269430325,0.17634969100414033,0.30000000000000004,0.04757488083330027,3607.1348518628806,1,0.0,0.011899999999999999,0.0,1,,0,33.77109226026398,0.0,11800,0.0,0.0,0.0,0.0,4000,0.0,0.0,0.0,1,"Bicycles, e-scooters",Bike lane,Urban road,0.12,22.5,0,1,212.5,0.1,30,30,459.8114285714287,1110.649165528301,0.2,0
AA,Shared e-scooter (new generation) - 50% higher daily e-scooter distance,1.9666666666666668,4350,8555,World,24.63666895813913,0.551,With Al smelting mostly form coal,NMC111,,1,Van - ICE,11.25,14.058333333333334,0.169068107668181,0.0,0.0,0.4974292596463759,0.06264138234849129,0.048239070063381115,0.0,0.0,0.0,0.046272489269430325,0.17634969100414033,0.30000000000000004,0.04757488083330027,3607.1348518628806,1,0.0,0.011899999999999999,0.0,1,,0,33.77109226026398,0.0,11800,0.0,0.0,0.0,0.0,4000,0.0,0.0,0.0,1,"Bicycles, e-scooters",Bike lane,Urban road,0.12,22.5,0,1,212.5,0.1,30,30,459.8114285714287,1110.649165528301,0.2,0
AB,Shared e-scooter (new generation) - Low carbon Al smelting,1.9666666666666668,2900,5703.333333333334,World,24.63666895813913,0.551,Default,NMC111,,1,Van - ICE,11.25,14.058333333333334,0.169068107668181,0.0,0.0,0.4974292596463759,0.06264138234849129,0.048239070063381115,0.0,0.0,0.0,0.046272489269430325,0.17634969100414033,0.30000000000000004,0.04757488083330027,3607.1348518628806,1,0.0,0.011899999999999999,0.0,1,,0,33.77109226026398,0.0,11800,0.0,0.0,0.0,0.0,4000,0.0,0.0,0.0,1,"Bicycles, e-scooters",Bike lane,Urban road,0.12,22.5,0,1,212.5,0.1,30,30,459.8114285714287,1110.649165528301,0.2,0
AC,Shared e-scooter (new generation) - Low-carbon EVs for operational services,1.9666666666666668,2900,5703.333333333334,World,24.63666895813913,0.551,With Al smelting mostly form coal,NMC111,,1,Van - BEV (low carbon),11.25,14.058333333333334,0.169068107668181,0.0,0.0,0.4974292596463759,0.06264138234849129,0.048239070063381115,0.0,0.0,0.0,0.046272489269430325,0.17634969100414033,0.30000000000000004,0.04757488083330027,3607.1348518628806,1,0.0,0.011899999999999999,0.0,1,,0,33.77109226026398,0.0,11800,0.0,0.0,0.0,0.0,4000,0.0,0.0,0.0,1,"Bicycles, e-scooters",Bike lane,Urban road,0.12,22.5,0,1,212.5,0.1,30,30,459.8114285714287,1110.649165528301,0.2,0
AD,Shared e-scooter (new generation) - 50% more vehicles per servicing trip,1.9666666666666668,2900,5703.333333333334,World,24.63666895813913,0.551,With Al smelting mostly form coal,NMC111,,1,Van - ICE,11.25,21.0875,0.169068107668181,0.0,0.0,0.4974292596463759,0.06264138234849129,0.048239070063381115,0.0,0.0,0.0,0.046272489269430325,0.17634969100414033,0.30000000000000004,0.04757488083330027,3607.1348518628806,1,0.0,0.011899999999999999,0.0,1,,0,33.77109226026398,0.0,11800,0.0,0.0,0.0,0.0,4000,0.0,0.0,0.0,1,"Bicycles, e-scooters",Bike lane,Urban road,0.12,22.5,0,1,212.5,0.1,30,30,459.8114285714287,1110.649165528301,0.2,0
AE,Shared e-scooter (new generation) - Central case,1.9666666666666668,2900,5703.333333333334,World,24.63666895813913,0.551,With Al smelting mostly form coal,NMC111,,1,Van - ICE,11.25,14.058333333333334,0.169068107668181,0.0,0.0,0.4974292596463759,0.06264138234849129,0.048239070063381115,0.0,0.0,0.0,0.046272489269430325,0.17634969100414033,0.30000000000000004,0.04757488083330027,3607.1348518628806,1,0.0,0.011899999999999999,0.0,1,,0,33.77109226026398,0.0,11800,0.0,0.0,0.0,0.0,4000,0.0,0.0,0.0,1,"Bicycles, e-scooters",Bike lane,Urban road,0.12,22.5,0,1,212.5,0.1,30,30,459.8114285714287,1110.649165528301,0.2,0
AF,Shared e-scooter (Hollingsworth et al. 2019 simulation),0.875,3700,3237.5,United States,10.88147987687259,0.33,With Al smelting mostly form coal,NMC111,,1,Van - ICE,21.887078399999996,10,0.16846973212681013,0.0,0.0,0.5513955884578119,0.039810761486654016,0.03065759471825434,0.0,0.0,0.0,0.07627638973666398,0.1333899334738057,0,0.021012788267431037,1593.1928691498094,1,0.0,0.011000000000000001,0.0,1,,0,17.5,0.0,11800,0.0,0.0,0.0,0.0,4000,0.0,0.0,0.0,1,"Bicycles, e-scooters",Bike lane,Urban road,0.12,22.5,0,1,212.5,0.1,30,30,459.8114285714287,1110.649165528301,0.2,0
AG,Private bike,5.6,2400,13440,World,20.6448,0.0,With Al smelting mostly form coal,,,1,None,0.0,0.0,0.6463613113229482,0.0,0.0,0.04843834767108424,0.0,0.0,0.0,0.09687669534216849,0.0,0.2083236456637991,0.0,0,0.03986634319339831,3022.6723310797615,1,0.0,0.0,0.0,0.0,,0,23.34169459724033,0.0,0.0,0.0,0.0,0.0,0.0,4000,0.0,0.0,0.0,1,"Bicycles, e-scooters",Bike lane,Urban road,0.12,22.5,0,1,212.5,0.1,30,30,459.8114285714287,1110.649165528301,0.2,0
AH,Private e-bike,5.6,2400,13440,World,23.29627987687259,0.48328767123287675,With Al smelting mostly form coal,NMC111,,1,None,0.0,0.0,0.5913905599012541,0.0,0.0,0.042925308473510886,0.018595243630724914,0.014319882906763231,0.0,0.08585061694702177,0.0,0.18461316668287558,0.06230522145784952,0,0.04498650937286201,3410.884125828926,1,0.0,0.021,0.0,1,,0,31.35220158614392,0.0,0.0,0.0,0.0,0.0,0.0,4000,0.0,0.0,0.0,1,"Bicycles, e-scooters",Bike lane,Urban road,0.12,22.5,0,1,212.5,0.1,30,30,459.8114285714287,1110.649165528301,0.2,0
AI,Shared bike,1.9,2900,5510,World,26.6336,0.0,With Al smelting mostly form coal,,,1,Van - ICE,5.625,7.029166666666667,0.5643998558212183,0.0,0.0,0.03754655773158717,0.0,0.0,0.0,0.07509311546317433,0.0,0.3229604709840203,0.0,0,0.05143107407558772,3899.512022254802,1,0.0,0.0,0.0,0.0,,0,31.35220158614392,0.0,0.0,0.0,0.0,0.0,0.0,4000,0.0,0.0,0.0,1,"Bicycles, e-scooters",Bike lane,Urban road,0.12,22.5,0,1,212.5,0.1,30,30,459.8114285714287,1110.649165528301,0.2,0
AJ,Shared e-bike,1.9,2900,5510,World,30.8336,0.48328767123287675,With Al smelting mostly form coal,NMC111,,1,Van - ICE,11.25,14.058333333333334,0.5988661719682424,0.0,0.0,0.0324321519381454,0.014049608219604586,0.010819365886565305,0.0,0.0648643038762908,0.0,0.27896839811115154,0,0.30000000000000004,0.0595415252018894,4514.4476859829565,1,0.0,0.021,0.0,1,,0,37.05500197069695,0.0,0.0,0.0,0.0,0.0,0.0,4000,0.0,0.0,0.0,1,"Bicycles, e-scooters",Bike lane,Urban road,0.12,22.5,0,1,212.5,0.1,30,30,459.8114285714287,1110.649165528301,0.2,0
AK,Private moped - ICE,10,4900,49000,World,94,0.0,With Al smelting mostly form coal,,,1,None,0,0.0,0.8127659574468086,0.0,0.0,0.0,0.015957446808510637,0.010638297872340425,0.0,0.09680851063829787,0.0,0.03404255319148936,0.02978723404255319,0,0.1815196204457995,13762.845807249165,1,1.9390547340857902,0.0,0.0,0.0,Gasoline (Oil),0,94,0.0,0.0,0.0,0.0,0.0,0.0,4000,0.0,0.0,0.0,1,Motorbikes,Urban road,,1,212.5,0.1,0,0,0,30,30,1110.649165528301,0,1,0
AL,Private moped - BEV,10,4900,49000,World,82.86820809248556,1.3,With Al smelting mostly form coal,NMC111,,1,None,0,0.0,0.7514125081960351,0.0,0.0,0.0,0.031169975307264126,0.022131527182935505,0.0,0.12288186548736763,0.0,0.038615532707412005,0.0337885911189855,0,0.16002346468054796,12133.003939360811,1,0.0,0.03501400560224091,0.0,1,,0,91.98314521484333,0.0,0.0,0.0,0.0,0.0,0.0,4000,0.0,0.0,0.0,1,Motorbikes,Urban road,,1,212.5,0.1,0,0,0,30,30,1110.649165528301,0,1,0
AM,Shared moped - ICE,3.7,5300,19610,World,94,0.0,With Al smelting mostly form coal,,,1,None,0,0.0,0.8127659574468086,0.0,0.0,0.0,0.015957446808510637,0.010638297872340425,0.0,0.09680851063829787,0.0,0.03404255319148936,0.02978723404255319,0,0.1815196204457995,13762.845807249165,1,1.9390547340857902,0.0,0.0,0.0,Gasoline (Oil),0,94,0.0,0.0,0.0,0.0,0.0,0.0,4000,0.0,0.0,0.0,1,Motorbikes,Urban road,,1,212.5,0.1,0,0,0,30,30,1110.649165528301,0,1,0
AN,Shared moped - BEV,3.7,5300,19610,World,82.86820809248556,2.6,With Al smelting mostly form coal,NMC111,,1,Van - ICE,11.25,14.058333333333334,0.7514125081960351,0.0,0.0,0.0,0.031169975307264126,0.022131527182935505,0.0,0.12288186548736763,0.0,0.038615532707412005,0.0337885911189855,0.30000000000000004,0.16002346468054796,12133.003939360811,1,0.0,0.03501400560224091,0.0,1,,0,101.0980823372011,0.0,0.0,0.0,0.0,0.0,0.0,4000,0.0,0.0,0.0,1,Motorbikes,Urban road,,1,212.5,0.1,0,0,0,30,30,1110.649165528301,0,1,0
AO,Private car - ICE,15,12100,181500,World,1494.1010327851752,0.0,With Al smelting mostly form coal,,,1.5,None,0.0,0.0,0.6078952933017593,0,0.09540271542211119,0.01760639150935505,0.04137941878976288,0.01742939509346085,0.02780832847059618,0.10515880336518178,0,0.06887731957058342,0.018271206301985744,0,12.579453940316645,819846.1342947292,1,6.8,0.0,0.0,0.0,Gasoline (Oil),0,1494.1010327851752,0.0,0.0,5000,0.0,0.0,1000,0.0,0.0,0.0,0.0,0,Cars,Urban road including parking,,1.16,241.25,0.1,0,0,0,30,30,1110.649165528301,0,1,0
AP,Private car - HEV,15,12100,181500,World,1581.4712309860752,2.1411100330896784,With Al smelting mostly form coal,NMC111,,1.5,None,0.0,0.0,0.6262472155917589,0,0.06606376425446397,0.012014974723520965,0.0546306924348674,0.03676353906940299,0.025388252063790466,0.09649771867544049,0,0.06313751704936274,0.019100090740076334,0,13.315059739327284,867788.08579318,1,5.06530612244898,0.0,0.0,0.0,Gasoline (Oil),0,1596.4836027735073,0.0,0.0,5000,0.0,0.0,1000,0.0,0.0,0.0,0.0,0,Cars,Urban road including parking,,1.16,241.25,0.1,0,0,0,30,30,1110.649165528301,0,1,0
AQ,Private car - PHEV,15,12100,181500,World,1661.4710705892749,15.273378000000001,With Al smelting mostly form coal,NMC111,,1.5,None,0.0,0.0,0.622795160983982,0,0.06692806324569929,0.01134208315091968,0.0627065716545231,0.04243971466699424,0.023198517611224313,0.09162163153507669,0,0.061033503805102425,0.017791993238101503,0,13.988611443956795,911685.7592461051,1,5.06530612244898,0.19034624761904761,0.0,0.66,Gasoline (Oil),0,1768.560209140046,0.0,0.0,5000,0.0,0.0,1000,0.0,0.0,0.0,0.0,0,Cars,Urban road including parking,,1.16,241.25,0.1,0,0,0,30,30,1110.649165528301,0,1,0
AR,AVAILABLE,15,12100,181500,World,1392.6061731980951,60,With Al smelting mostly form coal,NMC111,,1.5,None,0.0,0.0,0.6297829559188377,0,0.01838218259773705,0.01362834610140678,0.05206956631588695,0.0534196587076,0.028458830192368757,0.11012767633761567,0,0.06806383843374858,0.02589181413207628,0,2.689205787121229,203896.0003398799,1,0.0,0.19034624761904761,0.0,1,,0,1813.295578845377,0.0,0.0,5000,0.0,0.0,1000,0.0,0.0,0.0,0.0,0,Cars,Urban road including parking,,1.16,241.25,0.1,0,0,0,30,30,1110.649165528301,0,1,0
AS,Private car - BEV (high carbon intensity of electricity in use phase),15,12100,181500,100% coal,1392.6061731980951,60,With Al smelting mostly form coal,NMC111,,1.5,None,0.0,0.0,0.6297829559188377,0,0.01838218259773705,0.01362834610140678,0.05206956631588695,0.0534196587076,0.028458830192368757,0.11012767633761567,0,0.06806383843374858,0.02589181413207628,0,2.689205787121229,203896.0003398799,1,0.0,0.19034624761904761,0.0,1,,0,1813.295578845377,0.0,0.0,5000,0.0,0.0,1000,0.0,0.0,0.0,0.0,0,Cars,Urban road including parking,,1.16,241.25,0.1,0,0,0,30,30,1110.649165528301,0,1,0
AT,Private car - BEV (low carbon intensity of electricity in use phase),15,12100,181500,"100% solar, wind or hydro",1392.6061731980951,60,With Al smelting mostly form coal,NMC111,,1.5,None,0.0,0.0,0.6297829559188377,0,0.01838218259773705,0.01362834610140678,0.05206956631588695,0.0534196587076,0.028458830192368757,0.11012767633761567,0,0.06806383843374858,0.02589181413207628,0,2.689205787121229,203896.0003398799,1,0.0,0.19034624761904761,0.0,1,,0,1813.295578845377,0.0,0.0,5000,0.0,0.0,1000,0.0,0.0,0.0,0.0,0,Cars,Urban road including parking,,1.16,241.25,0.1,0,0,0,30,30,1110.649165528301,0,1,0
AU,Private car - BEV (Lower carbon intensity of battery manufacturing),15,12100,181500,World,1392.6061731980951,60,Default,NMC111,,1.5,None,0.0,0.0,0.6297829559188377,0,0.01838218259773705,0.01362834610140678,0.05206956631588695,0.0534196587076,0.028458830192368757,0.11012767633761567,0,0.06806383843374858,0.02589181413207628,0,2.689205787121229,203896.0003398799,1,0.0,0.19034624761904761,0.0,1,,0,1813.295578845377,0.0,0.0,5000,0.0,0.0,1000,0.0,0.0,0.0,0.0,0,Cars,Urban road including parking,,1.16,241.25,0.1,0,0,0,30,30,1110.649165528301,0,1,0
AV,Private car - BEV (25% smaller battery),15,12100,181500,World,1392.6061731980951,45,With Al smelting mostly form coal,NMC111,,1.5,None,0.0,0.0,0.6297829559188377,0,0.01838218259773705,0.01362834610140678,0.05206956631588695,0.0534196587076,0.028458830192368757,0.11012767633761567,0,0.06806383843374858,0.02589181413207628,0,2.689205787121229,203896.0003398799,1,0.0,0.19034624761904761,0.0,1,,0,1708.1232274335564,0.0,0.0,5000,0.0,0.0,1000,0.0,0.0,0.0,0.0,0,Cars,Urban road including parking,,1.16,241.25,0.1,0,0,0,30,30,1110.649165528301,0,1,0
AW,Private car - BEV (25% larger battery),15,12100,181500,World,1392.6061731980951,75,With Al smelting mostly form coal,NMC111,,1.5,None,0.0,0.0,0.6297829559188377,0,0.01838218259773705,0.01362834610140678,0.05206956631588695,0.0534196587076,0.028458830192368757,0.11012767633761567,0,0.06806383843374858,0.02589181413207628,0,2.689205787121229,203896.0003398799,1,0.0,0.19034624761904761,0.0,1,,0,1918.4679302571972,0.0,0.0,5000,0.0,0.0,1000,0.0,0.0,0.0,0.0,0,Cars,Urban road including parking,,1.16,241.25,0.1,0,0,0,30,30,1110.649165528301,0,1,0
AX,Private car - BEV,15,12100,181500,World,1392.6061731980951,60,With Al smelting mostly form coal,NMC111,,1.5,None,0.0,0.0,0.6297829559188377,0,0.01838218259773705,0.01362834610140678,0.05206956631588695,0.0534196587076,0.028458830192368757,0.11012767633761567,0,0.06806383843374858,0.02589181413207628,0,2.689205787121229,203896.0003398799,1,0.0,0.19034624761904761,0.0,1,,0,1813.295578845377,0.0,0.0,5000,0.0,0.0,1000,0.0,0.0,0.0,0.0,0,Cars,Urban road including parking,,1.16,241.25,0.1,0,0,0,30,30,1110.649165528301,0,1,0
AY,"Private car - FCEV (hydrogen from electrolysis, 100% natural gas electricity)",15,12100,181500,World,1678.6055997795354,2.1411100330896784,With Al smelting mostly form coal,NMC111,Electrolysis (Natural gas),1.5,None,0.0,0.0,0.5743411860465593,0.03083063312601163,0.01618827862141268,0.021368613754404225,0.03272067763897081,0.03131940173257121,0.02877517795371581,0.11176175069643242,0.05320193477239204,0.06203298154960043,0.03728228608975265,0,3.2414877803210094,245770.106818625,1,0.0,0.0,3.237095925688697,0.0,,0,1693.6179715669675,0.0,0.0,5000,0.0,0.0,1000,0.0,0.0,0.0,0.0,0,Cars,Urban road including parking,,1.16,241.25,0.1,0,0,0,30,30,1110.649165528301,0,1,0
AZ,"Private car - FCEV (hydrogen from electrolysis, 100% renewable electricity)",15,12100,181500,World,1678.6055997795354,2.1411100330896784,With Al smelting mostly form coal,NMC111,Electrolysis (Renewables),1.5,None,0.0,0.0,0.5743411860465593,0.03083063312601163,0.01618827862141268,0.021368613754404225,0.03272067763897081,0.03131940173257121,0.02877517795371581,0.11176175069643242,0.05320193477239204,0.06203298154960043,0.03728228608975265,0,3.2414877803210094,245770.106818625,1,0.0,0.0,3.237095925688697,0.0,,0,1693.6179715669675,0.0,0.0,5000,0.0,0.0,1000,0.0,0.0,0.0,0.0,0,Cars,Urban road including parking,,1.16,241.25,0.1,0,0,0,30,30,1110.649165528301,0,1,0
BA,"Private car - FCEV (hydrogen from electrolysis, global grid mix)",15,12100,181500,World,1678.6055997795354,2.1411100330896784,With Al smelting mostly form coal,NMC111,Electroysis (Global power mix),1.5,None,0.0,0.0,0.5743411860465593,0.03083063312601163,0.01618827862141268,0.021368613754404225,0.03272067763897081,0.03131940173257121,0.02877517795371581,0.11176175069643242,0.05320193477239204,0.06203298154960043,0.03728228608975265,0,3.2414877803210094,245770.106818625,1,0.0,0.0,3.237095925688697,0.0,,0,1693.6179715669675,0.0,0.0,5000,0.0,0.0,1000,0.0,0.0,0.0,0.0,0,Cars,Urban road including parking,,1.16,241.25,0.1,0,0,0,30,30,1110.649165528301,0,1,0
BB,Private car - FCEV,15,12100,181500,World,1678.6055997795354,2.1411100330896784,With Al smelting mostly form coal,NMC111,Natural gas,1.5,None,0.0,0.0,0.5743411860465593,0.03083063312601163,0.01618827862141268,0.021368613754404225,0.03272067763897081,0.03131940173257121,0.02877517795371581,0.11176175069643242,0.05320193477239204,0.06203298154960043,0.03728228608975265,0,3.2414877803210094,245770.106818625,1,0.0,0.0,3.237095925688697,0.0,,0,1693.6179715669675,0.0,0.0,5000,0.0,0.0,1000,0.0,0.0,0.0,0.0,0,Cars,Urban road including parking,,1.16,241.25,0.1,0,0,0,30,30,1110.649165528301,0,1,0
BC,Ridesourcing - car - ICE (25% lower deadheading km share and 2.25 passengers),7.0735718042434765,48000,400000,World,1494.1010327851752,0.0,With Al smelting mostly form coal,,,1.5988235294117648,Ridesourcing - car - ICE (25% lower deadheading km share and 2.25 passengers),23.42059629331185,1,0.6078952933017593,0,0.09540271542211119,0.01760639150935505,0.04137941878976288,0.01742939509346085,0.02780832847059618,0.10515880336518178,0,0.06887731957058342,0.018271206301985744,0,23.532342665786008,1533683.43784865,0,6.8,0.0,0.0,0.0,Gasoline (Oil),0,1494.1010327851752,0.0,0.0,5000,0.0,0.0,1000,0.0,0.0,0.0,0.0,0,Shared cars,Urban road,,1,212.5,0.1,0,0,0,30,30,1110.649165528301,0,1,0
BD,"Ridesourcing - car - ICE (average load, 25% higher deadheading km share)",7.0735718042434765,48000,400000,World,1494.1010327851752,0.0,With Al smelting mostly form coal,,,0.8023529411764707,"Ridesourcing - car - ICE (average load, 25% higher deadheading km share)",23.42059629331185,1,0.6078952933017593,0,0.09540271542211119,0.01760639150935505,0.04137941878976288,0.01742939509346085,0.02780832847059618,0.10515880336518178,0,0.06887731957058342,0.018271206301985744,0,23.532342665786008,1533683.43784865,0,6.8,0.0,0.0,0.0,Gasoline (Oil),0,1494.1010327851752,0.0,0.0,5000,0.0,0.0,1000,0.0,0.0,0.0,0.0,0,Shared cars,Urban road,,1,212.5,0.1,0,0,0,30,30,1110.649165528301,0,1,0
BE,"Ridesourcing - car - ICE (average load, 25% lower deadheading km share)",7.0735718042434765,48000,400000,World,1494.1010327851752,0.0,With Al smelting mostly form coal,,,1.1014117647058823,"Ridesourcing - car - ICE (average load, 25% lower deadheading km share)",23.42059629331185,1,0.6078952933017593,0,0.09540271542211119,0.01760639150935505,0.04137941878976288,0.01742939509346085,0.02780832847059618,0.10515880336518178,0,0.06887731957058342,0.018271206301985744,0,23.532342665786008,1533683.43784865,0,6.8,0.0,0.0,0.0,Gasoline (Oil),0,1494.1010327851752,0.0,0.0,5000,0.0,0.0,1000,0.0,0.0,0.0,0.0,0,Shared cars,Urban road,,1,212.5,0.1,0,0,0,30,30,1110.649165528301,0,1,0
BF,"Ridesourcing - car - ICE (single passenger on board, no change in deadheading km share)",7.0735718042434765,48000,400000,World,1494.1010327851752,0.0,With Al smelting mostly form coal,,,0.6141176470588235,"Ridesourcing - car - ICE (single passenger on board, no change in deadheading km share)",23.42059629331185,1,0.6078952933017593,0,0.09540271542211119,0.01760639150935505,0.04137941878976288,0.01742939509346085,0.02780832847059618,0.10515880336518178,0,0.06887731957058342,0.018271206301985744,0,23.532342665786008,1533683.43784865,0,6.8,0.0,0.0,0.0,Gasoline (Oil),0,1494.1010327851752,0.0,0.0,5000,0.0,0.0,1000,0.0,0.0,0.0,0.0,0,Shared cars,Urban road,,1,212.5,0.1,0,0,0,30,30,1110.649165528301,0,1,0
BG,"Ridesourcing - car - ICE (two passengers on board, no change in deadheading km share)",7.0735718042434765,48000,400000,World,1494.1010327851752,0.0,With Al smelting mostly form coal,,,1.228235294117647,"Ridesourcing - car - ICE (two passengers on board, no change in deadheading km share)",23.42059629331185,1,0.6078952933017593,0,0.09540271542211119,0.01760639150935505,0.04137941878976288,0.01742939509346085,0.02780832847059618,0.10515880336518178,0,0.06887731957058342,0.018271206301985744,0,23.532342665786008,1533683.43784865,0,6.8,0.0,0.0,0.0,Gasoline (Oil),0,1494.1010327851752,0.0,0.0,5000,0.0,0.0,1000,0.0,0.0,0.0,0.0,0,Shared cars,Urban road,,1,212.5,0.1,0,0,0,30,30,1110.649165528301,0,1,0
BH,"Ridesourcing - car - ICE (25% higher average load: 1.94 passengers on board, no change in deadheading km share)",7.0735718042434765,48000,400000,World,1494.1010327851752,0.0,With Al smelting mostly form coal,,,1.1898529411764707,"Ridesourcing - car - ICE (25% higher average load: 1.94 passengers on board, no change in deadheading km share)",23.42059629331185,1,0.6078952933017593,0,0.09540271542211119,0.01760639150935505,0.04137941878976288,0.01742939509346085,0.02780832847059618,0.10515880336518178,0,0.06887731957058342,0.018271206301985744,0,23.532342665786008,1533683.43784865,0,6.8,0.0,0.0,0.0,Gasoline (Oil),0,1494.1010327851752,0.0,0.0,5000,0.0,0.0,1000,0.0,0.0,0.0,0.0,0,Shared cars,Urban road,,1,212.5,0.1,0,0,0,30,30,1110.649165528301,0,1,0
BI,Ridesourcing - car - ICE,7.0735718042434765,48000,400000,World,1494.1010327851752,0.0,With Al smelting mostly form coal,,,0.9518823529411765,Ridesourcing - car - ICE,23.42059629331185,1,0.6078952933017593,0,0.09540271542211119,0.01760639150935505,0.04137941878976288,0.01742939509346085,0.02780832847059618,0.10515880336518178,0,0.06887731957058342,0.018271206301985744,0,23.532342665786008,1533683.43784865,0,6.8,0.0,0.0,0.0,Gasoline (Oil),0,1494.1010327851752,0.0,0.0,5000,0.0,0.0,1000,0.0,0.0,0.0,0.0,0,Shared cars,Urban road,,1,212.5,0.1,0,0,0,30,30,1110.649165528301,0,1,0
BJ,Ridesourcing - car - HEV,7.0735718042434765,48000,400000,World,1581.4712309860752,2.1411100330896784,With Al smelting mostly form coal,NMC111,,0.9518823529411765,Ridesourcing - car - HEV,23.42059629331185,1,0.6262472155917589,0,0.06606376425446397,0.012014974723520965,0.0546306924348674,0.03676353906940299,0.025388252063790466,0.09649771867544049,0,0.06313751704936274,0.019100090740076334,0,24.908437988475498,1623368.2871338995,0,5.06530612244898,0.0,0.0,0.0,Gasoline (Oil),0,1596.4836027735073,0.0,0.0,5000,0.0,0.0,1000,0.0,0.0,0.0,0.0,0,Shared cars,Urban road,,1,212.5,0.1,0,0,0,30,30,1110.649165528301,0,1,0
BK,Ridesourcing - car - PHEV,7.0735718042434765,48000,400000,World,1661.4710705892749,15.273378000000001,With Al smelting mostly form coal,NMC111,,0.9518823529411765,Ridesourcing - car - PHEV,23.42059629331185,1,0.622795160983982,0,0.06692806324569929,0.01134208315091968,0.0627065716545231,0.04243971466699424,0.023198517611224313,0.09162163153507669,0,0.061033503805102425,0.017791993238101503,0,26.168448923104904,1705487.5189245767,0,5.06530612244898,0.19034624761904761,0.0,0.3591431387331247,Gasoline (Oil),0,1768.560209140046,0.0,0.0,5000,0.0,0.0,1000,0.0,0.0,0.0,0.0,0,Shared cars,Urban road,,1,212.5,0.1,0,0,0,30,30,1110.649165528301,0,1,0
BL,"Ridesourcing - car - BEV single passenger on board, no change in deadheading km share)",7.0735718042434765,48000,400000,World,1392.6061731980951,70,With Al smelting mostly form coal,NMC111,,0.6141176470588235,"Ridesourcing - car - BEV single passenger on board, no change in deadheading km share)",23.42059629331185,1,0.6297829559188377,0,0.01838218259773705,0.01362834610140678,0.05206956631588695,0.0534196587076,0.028458830192368757,0.11012767633761567,0,0.06806383843374858,0.02589181413207628,0,5.030688325709517,381427.56998405105,0,0.0,0.19034624761904761,0.0,1,,0,1883.4104797865905,0.0,0.0,5000,0.0,0.0,1000,0.0,0.0,0.0,0.0,0,Shared cars,Urban road,,1,212.5,0.1,0,0,0,30,30,1110.649165528301,0,1,0
BM,"Ridesourcing - car - BEV two passengers on board, no change in deadheading km share)",7.0735718042434765,48000,400000,World,1392.6061731980951,70,With Al smelting mostly form coal,NMC111,,1.228235294117647,"Ridesourcing - car - BEV two passengers on board, no change in deadheading km share)",23.42059629331185,1,0.6297829559188377,0,0.01838218259773705,0.01362834610140678,0.05206956631588695,0.0534196587076,0.028458830192368757,0.11012767633761567,0,0.06806383843374858,0.02589181413207628,0,5.030688325709517,381427.56998405105,0,0.0,0.19034624761904761,0.0,1,,0,1883.4104797865905,0.0,0.0,5000,0.0,0.0,1000,0.0,0.0,0.0,0.0,0,Shared cars,Urban road,,1,212.5,0.1,0,0,0,30,30,1110.649165528301,0,1,0
BN,"Ridesourcing - car - BEV 25% higher average load: 1.94 passengers on board, no change in deadheading km share)",7.0735718042434765,48000,400000,World,1392.6061731980951,70,With Al smelting mostly form coal,NMC111,,1.1898529411764707,"Ridesourcing - car - BEV 25% higher average load: 1.94 passengers on board, no change in deadheading km share)",23.42059629331185,1,0.6297829559188377,0,0.01838218259773705,0.01362834610140678,0.05206956631588695,0.0534196587076,0.028458830192368757,0.11012767633761567,0,0.06806383843374858,0.02589181413207628,0,5.030688325709517,381427.56998405105,0,0.0,0.19034624761904761,0.0,1,,0,1883.4104797865905,0.0,0.0,5000,0.0,0.0,1000,0.0,0.0,0.0,0.0,0,Shared cars,Urban road,,1,212.5,0.1,0,0,0,30,30,1110.649165528301,0,1,0
BO,Ridesourcing - car - BEV (high carbon intensity of electricity in use phase),7.0735718042434765,48000,400000,100% coal,1392.6061731980951,70,With Al smelting mostly form coal,NMC111,,0.9518823529411765,Ridesourcing - car - BEV (high carbon intensity of electricity in use phase),23.42059629331185,1,0.6297829559188377,0,0.01838218259773705,0.01362834610140678,0.05206956631588695,0.0534196587076,0.028458830192368757,0.11012767633761567,0,0.06806383843374858,0.02589181413207628,0,5.030688325709517,381427.56998405105,0,0.0,0.19034624761904761,0.0,1,,0,1883.4104797865905,0.0,0.0,5000,0.0,0.0,1000,0.0,0.0,0.0,0.0,0,Shared cars,Urban road,,1,212.5,0.1,0,0,0,30,30,1110.649165528301,0,1,0
BP,Ridesourcing - car - BEV (low carbon intensity of electricity in use phase),7.0735718042434765,48000,400000,"100% solar, wind or hydro",1392.6061731980951,70,With Al smelting mostly form coal,NMC111,,0.9518823529411765,Ridesourcing - car - BEV (low carbon intensity of electricity in use phase),23.42059629331185,1,0.6297829559188377,0,0.01838218259773705,0.01362834610140678,0.05206956631588695,0.0534196587076,0.028458830192368757,0.11012767633761567,0,0.06806383843374858,0.02589181413207628,0,5.030688325709517,381427.56998405105,0,0.0,0.19034624761904761,0.0,1,,0,1883.4104797865905,0.0,0.0,5000,0.0,0.0,1000,0.0,0.0,0.0,0.0,0,Shared cars,Urban road,,1,212.5,0.1,0,0,0,30,30,1110.649165528301,0,1,0
BQ,Ridesourcing - car - BEV (Lower carbon intensity of battery manufacturing),7.0735718042434765,48000,400000,World,1392.6061731980951,70,Default,NMC111,,0.9518823529411765,Ridesourcing - car - BEV (Lower carbon intensity of battery manufacturing),23.42059629331185,1,0.6297829559188377,0,0.01838218259773705,0.01362834610140678,0.05206956631588695,0.0534196587076,0.028458830192368757,0.11012767633761567,0,0.06806383843374858,0.02589181413207628,0,5.030688325709517,381427.56998405105,0,0.0,0.19034624761904761,0.0,1,,0,1883.4104797865905,0.0,0.0,5000,0.0,0.0,1000,0.0,0.0,0.0,0.0,0,Shared cars,Urban road,,1,212.5,0.1,0,0,0,30,30,1110.649165528301,0,1,0
BR,Ridesourcing - car - BEV (25% smaller battery),7.0735718042434765,48000,400000,World,1392.6061731980951,52.5,With Al smelting mostly form coal,NMC111,,0.9518823529411765,Ridesourcing - car - BEV (25% smaller battery),23.42059629331185,1,0.6297829559188377,0,0.01838218259773705,0.01362834610140678,0.05206956631588695,0.0534196587076,0.028458830192368757,0.11012767633761567,0,0.06806383843374858,0.02589181413207628,0,5.030688325709517,381427.56998405105,0,0.0,0.19034624761904761,0.0,1,,0,1760.7094031394668,0.0,0.0,5000,0.0,0.0,1000,0.0,0.0,0.0,0.0,0,Shared cars,Urban road,,1,212.5,0.1,0,0,0,30,30,1110.649165528301,0,1,0
BS,Ridesourcing - car - BEV (25% larger battery),7.0735718042434765,48000,400000,World,1392.6061731980951,87.5,With Al smelting mostly form coal,NMC111,,0.9518823529411765,Ridesourcing - car - BEV (25% larger battery),23.42059629331185,1,0.6297829559188377,0,0.01838218259773705,0.01362834610140678,0.05206956631588695,0.0534196587076,0.028458830192368757,0.11012767633761567,0,0.06806383843374858,0.02589181413207628,0,5.030688325709517,381427.56998405105,0,0.0,0.19034624761904761,0.0,1,,0,2006.1115564337142,0.0,0.0,5000,0.0,0.0,1000,0.0,0.0,0.0,0.0,0,Shared cars,Urban road,,1,212.5,0.1,0,0,0,30,30,1110.649165528301,0,1,0
BT,Ridesourcing - car - BEV,7.0735718042434765,48000,400000,World,1392.6061731980951,70,With Al smelting mostly form coal,NMC111,,0.9518823529411765,Ridesourcing - car - BEV,23.42059629331185,1,0.6297829559188377,0,0.01838218259773705,0.01362834610140678,0.05206956631588695,0.0534196587076,0.028458830192368757,0.11012767633761567,0,0.06806383843374858,0.02589181413207628,0,5.030688325709517,381427.56998405105,0,0.0,0.19034624761904761,0.0,1,,0,1883.4104797865905,0.0,0.0,5000,0.0,0.0,1000,0.0,0.0,0.0,0.0,0,Shared cars,Urban road,,1,212.5,0.1,0,0,0,30,30,1110.649165528301,0,1,0
BU,"Ridesourcing - car - BEV (two packs) single passenger on board, no change in deadheading km share)",7.0735718042434765,48000,400000,World,1392.6061731980951,140,With Al smelting mostly form coal,NMC111,,0.6141176470588235,"Ridesourcing - car - BEV (two packs) single passenger on board, no change in deadheading km share)",23.42059629331185,1,0.6297829559188377,0,0.01838218259773705,0.01362834610140678,0.05206956631588695,0.0534196587076,0.028458830192368757,0.11012767633761567,0,0.06806383843374858,0.02589181413207628,0,23.532342665786008,1533683.43784865,0,0.0,0.19034624761904761,0.0,1,,0,2374.214786375086,0.0,0.0,5000,0.0,0.0,1000,0.0,0.0,0.0,0.0,0,Shared cars,Urban road,,1,212.5,0.1,0,0,0,30,30,1110.649165528301,0,1,0
BV,"Ridesourcing - car - BEV (two packs) two passengers on board, no change in deadheading km share)",7.0735718042434765,48000,400000,World,1392.6061731980951,140,With Al smelting mostly form coal,NMC111,,1.228235294117647,"Ridesourcing - car - BEV (two packs) two passengers on board, no change in deadheading km share)",23.42059629331185,1,0.6297829559188377,0,0.01838218259773705,0.01362834610140678,0.05206956631588695,0.0534196587076,0.028458830192368757,0.11012767633761567,0,0.06806383843374858,0.02589181413207628,0,23.532342665786008,1533683.43784865,0,0.0,0.19034624761904761,0.0,1,,0,2374.214786375086,0.0,0.0,5000,0.0,0.0,1000,0.0,0.0,0.0,0.0,0,Shared cars,Urban road,,1,212.5,0.1,0,0,0,30,30,1110.649165528301,0,1,0
BW,"Ridesourcing - car - BEV (two packs) 25% higher average load: 1.94 passengers on board, no change in deadheading km share)",7.0735718042434765,48000,400000,World,1392.6061731980951,140,With Al smelting mostly form coal,NMC111,,1.1898529411764707,"Ridesourcing - car - BEV (two packs) 25% higher average load: 1.94 passengers on board, no change in deadheading km share)",23.42059629331185,1,0.6297829559188377,0,0.01838218259773705,0.01362834610140678,0.05206956631588695,0.0534196587076,0.028458830192368757,0.11012767633761567,0,0.06806383843374858,0.02589181413207628,0,23.532342665786008,1533683.43784865,0,0.0,0.19034624761904761,0.0,1,,0,2374.214786375086,0.0,0.0,5000,0.0,0.0,1000,0.0,0.0,0.0,0.0,0,Shared cars,Urban road,,1,212.5,0.1,0,0,0,30,30,1110.649165528301,0,1,0
BX,Ridesourcing - car - BEV (two packs) (high carbon intensity of electricity in use phase),7.0735718042434765,48000,400000,100% coal,1392.6061731980951,140,With Al smelting mostly form coal,NMC111,,0.9518823529411765,Ridesourcing - car - BEV (two packs) (high carbon intensity of electricity in use phase),23.42059629331185,1,0.6297829559188377,0,0.01838218259773705,0.01362834610140678,0.05206956631588695,0.0534196587076,0.028458830192368757,0.11012767633761567,0,0.06806383843374858,0.02589181413207628,0,23.532342665786008,1533683.43784865,0,0.0,0.19034624761904761,0.0,1,,0,2374.214786375086,0.0,0.0,5000,0.0,0.0,1000,0.0,0.0,0.0,0.0,0,Shared cars,Urban road,,1,212.5,0.1,0,0,0,30,30,1110.649165528301,0,1,0
BY,Ridesourcing - car - BEV (two packs) (low carbon intensity of electricity in use phase),7.0735718042434765,48000,400000,"100% solar, wind or hydro",1392.6061731980951,140,With Al smelting mostly form coal,NMC111,,0.9518823529411765,Ridesourcing - car - BEV (two packs) (low carbon intensity of electricity in use phase),23.42059629331185,1,0.6297829559188377,0,0.01838218259773705,0.01362834610140678,0.05206956631588695,0.0534196587076,0.028458830192368757,0.11012767633761567,0,0.06806383843374858,0.02589181413207628,0,23.532342665786008,1533683.43784865,0,0.0,0.19034624761904761,0.0,1,,0,2374.214786375086,0.0,0.0,5000,0.0,0.0,1000,0.0,0.0,0.0,0.0,0,Shared cars,Urban road,,1,212.5,0.1,0,0,0,30,30,1110.649165528301,0,1,0
BZ,Ridesourcing - car - BEV (two packs) (Lower carbon intensity of battery manufacturing),7.0735718042434765,48000,400000,World,1392.6061731980951,140,Default,NMC111,,0.9518823529411765,Ridesourcing - car - BEV (two packs) (Lower carbon intensity of battery manufacturing),23.42059629331185,1,0.6297829559188377,0,0.01838218259773705,0.01362834610140678,0.05206956631588695,0.0534196587076,0.028458830192368757,0.11012767633761567,0,0.06806383843374858,0.02589181413207628,0,23.532342665786008,1533683.43784865,0,0.0,0.19034624761904761,0.0,1,,0,2374.214786375086,0.0,0.0,5000,0.0,0.0,1000,0.0,0.0,0.0,0.0,0,Shared cars,Urban road,,1,212.5,0.1,0,0,0,30,30,1110.649165528301,0,1,0
CA,Ridesourcing - car - BEV (two packs) (25% smaller battery),7.0735718042434765,48000,400000,World,1392.6061731980951,105,With Al smelting mostly form coal,NMC111,,0.9518823529411765,Ridesourcing - car - BEV (two packs) (25% smaller battery),23.42059629331185,1,0.6297829559188377,0,0.01838218259773705,0.01362834610140678,0.05206956631588695,0.0534196587076,0.028458830192368757,0.11012767633761567,0,0.06806383843374858,0.02589181413207628,0,23.532342665786008,1533683.43784865,0,0.0,0.19034624761904761,0.0,1,,0,2128.812633080838,0.0,0.0,5000,0.0,0.0,1000,0.0,0.0,0.0,0.0,0,Shared cars,Urban road,,1,212.5,0.1,0,0,0,30,30,1110.649165528301,0,1,0
CB,Ridesourcing - car - BEV (two packs) (25% larger battery),7.0735718042434765,48000,400000,World,1392.6061731980951,175,With Al smelting mostly form coal,NMC111,,0.9518823529411765,Ridesourcing - car - BEV (two packs) (25% larger battery),23.42059629331185,1,0.6297829559188377,0,0.01838218259773705,0.01362834610140678,0.05206956631588695,0.0534196587076,0.028458830192368757,0.11012767633761567,0,0.06806383843374858,0.02589181413207628,0,23.532342665786008,1533683.43784865,0,0.0,0.19034624761904761,0.0,1,,0,2619.6169396693335,0.0,0.0,5000,0.0,0.0,1000,0.0,0.0,0.0,0.0,0,Shared cars,Urban road,,1,212.5,0.1,0,0,0,30,30,1110.649165528301,0,1,0
CC,Ridesourcing - car - BEV (two packs),7.0735718042434765,48000,400000,World,1392.6061731980951,140,With Al smelting mostly form coal,NMC111,,0.9518823529411765,Ridesourcing - car - BEV (two packs),23.42059629331185,1,0.6297829559188377,0,0.01838218259773705,0.01362834610140678,0.05206956631588695,0.0534196587076,0.028458830192368757,0.11012767633761567,0,0.06806383843374858,0.02589181413207628,0,23.532342665786008,1533683.43784865,0,0.0,0.19034624761904761,0.0,1,,0,2374.214786375086,0.0,0.0,5000,0.0,0.0,1000,0.0,0.0,0.0,0.0,0,Shared cars,Urban road,,1,212.5,0.1,0,0,0,30,30,1110.649165528301,0,1,0
CD,"Ridesourcing car - FCEV (hydrogen from electrolysis, 100% natural gas electricity)",7.0735718042434765,48000,339531.4466036869,World,1678.6055997795354,2.1411100330896784,With Al smelting mostly form coal,NMC111,Electrolysis (Natural gas),0.9518823529411765,None,23.42059629331185,1,0.5743411860465593,0.03083063312601163,0.01618827862141268,0.021368613754404225,0.03272067763897081,0.03131940173257121,0.02877517795371581,0.11176175069643242,0.05320193477239204,0.06203298154960043,0.03728228608975265,0,3.2414877803210094,245770.106818625,1,0.0,0.0,3.237095925688697,0.0,,0,1693.6179715669675,0.0,0.0,5000,0.0,0.0,1000,0.0,0.0,0.0,0.0,0,Shared cars,Urban road,,1,212.5,0.1,0,0,0,30,30,1110.649165528301,0,1,0
CE,"Ridesourcing car - FCEV (hydrogen from electrolysis, 100% renewable electricity)",7.0735718042434765,48000,339531.4466036869,World,1678.6055997795354,2.1411100330896784,With Al smelting mostly form coal,NMC111,Electrolysis (Renewables),0.9518823529411765,None,23.42059629331185,1,0.5743411860465593,0.03083063312601163,0.01618827862141268,0.021368613754404225,0.03272067763897081,0.03131940173257121,0.02877517795371581,0.11176175069643242,0.05320193477239204,0.06203298154960043,0.03728228608975265,0,3.2414877803210094,245770.106818625,1,0.0,0.0,3.237095925688697,0.0,,0,1693.6179715669675,0.0,0.0,5000,0.0,0.0,1000,0.0,0.0,0.0,0.0,0,Shared cars,Urban road,,1,212.5,0.1,0,0,0,30,30,1110.649165528301,0,1,0
CF,"Ridesourcing car - FCEV (hydrogen from electrolysis, global grid mix)",7.0735718042434765,48000,339531.4466036869,World,1678.6055997795354,2.1411100330896784,With Al smelting mostly form coal,NMC111,Electroysis (Global power mix),0.9518823529411765,None,23.42059629331185,1,0.5743411860465593,0.03083063312601163,0.01618827862141268,0.021368613754404225,0.03272067763897081,0.03131940173257121,0.02877517795371581,0.11176175069643242,0.05320193477239204,0.06203298154960043,0.03728228608975265,0,3.2414877803210094,245770.106818625,1,0.0,0.0,3.237095925688697,0.0,,0,1693.6179715669675,0.0,0.0,5000,0.0,0.0,1000,0.0,0.0,0.0,0.0,0,Shared cars,Urban road,,1,212.5,0.1,0,0,0,30,30,1110.649165528301,0,1,0
CG,Ridesourcing - car - FCEV,7.0735718042434765,48000,400000,World,1678.6055997795354,2.1411100330896784,With Al smelting mostly form coal,NMC111,Natural gas,0.9518823529411765,Ridesourcing - car - FCEV,23.42059629331185,1,0.5743411860465593,0.03083063312601163,0.01618827862141268,0.021368613754404225,0.03272067763897081,0.03131940173257121,0.02877517795371581,0.11176175069643242,0.05320193477239204,0.06203298154960043,0.03728228608975265,0,6.06384041432819,459761.32176347333,0,0.0,0.0,3.237095925688697,0.0,,0,1693.6179715669675,0.0,0.0,5000,0.0,0.0,1000,0.0,0.0,0.0,0.0,0,Shared cars,Urban road,,1,212.5,0.1,0,0,0,30,30,1110.649165528301,0,1,0
CH,Taxi  ICE,7.0735718042434765,48000,400000,World,1494.1010327851752,0.0,With Al smelting mostly form coal,,,0.7327526964518817,Taxi  ICE,23.42059629331185,1,0.6078952933017593,0,0.09540271542211119,0.01760639150935505,0.04137941878976288,0.01742939509346085,0.02780832847059618,0.10515880336518178,0,0.06887731957058342,0.018271206301985744,0,23.532342665786008,1533683.43784865,0,6.8,0.0,0.0,0.0,Gasoline (Oil),0,1494.1010327851752,0.0,0.0,5000,0.0,0.0,1000,0.0,0.0,0.0,0.0,0,Shared cars,Urban road,,1,212.5,0.1,0,0,0,30,30,1110.649165528301,0,1,0
CI,Taxi  HEV,7.0735718042434765,48000,400000,World,1581.4712309860752,2.1411100330896784,With Al smelting mostly form coal,NMC111,,0.7327526964518817,Taxi  HEV,23.42059629331185,1,0.6262472155917589,0,0.06606376425446397,0.012014974723520965,0.0546306924348674,0.03676353906940299,0.025388252063790466,0.09649771867544049,0,0.06313751704936274,0.019100090740076334,0,18.724290754567495,1419678.6323832187,0,5.06530612244898,0.0,0.0,0.0,Gasoline (Oil),0,1596.4836027735073,0.0,0.0,5000,0.0,0.0,1000,0.0,0.0,0.0,0.0,0,Shared cars,Urban road,,1,212.5,0.1,0,0,0,30,30,1110.649165528301,0,1,0
CJ,Taxi  PHEV,7.0735718042434765,48000,400000,World,1661.4710705892749,15.273378000000001,With Al smelting mostly form coal,NMC111,,0.7327526964518817,Taxi  PHEV,23.42059629331185,1,0.622795160983982,0,0.06692806324569929,0.01134208315091968,0.0627065716545231,0.04243971466699424,0.023198517611224313,0.09162163153507669,0,0.061033503805102425,0.017791993238101503,0,18.724290754567495,1419678.6323832187,0,5.06530612244898,0.19034624761904761,0.0,0.3591431387331247,Gasoline (Oil),0,1768.560209140046,0.0,0.0,5000,0.0,0.0,1000,0.0,0.0,0.0,0.0,0,Shared cars,Urban road,,1,212.5,0.1,0,0,0,30,30,1110.649165528301,0,1,0
CK,Taxi  BEV,7.0735718042434765,48000,400000,World,1392.6061731980951,70,With Al smelting mostly form coal,NMC111,,0.7327526964518817,Taxi  BEV,23.42059629331185,1,0.6297829559188377,0,0.01838218259773705,0.01362834610140678,0.05206956631588695,0.0534196587076,0.028458830192368757,0.11012767633761567,0,0.06806383843374858,0.02589181413207628,0,6.06384041432819,459761.32176347333,0,0.0,0.19034624761904761,0.0,1,,0,1883.4104797865905,0.0,0.0,5000,0.0,0.0,1000,0.0,0.0,0.0,0.0,0,Shared cars,Urban road,,1,212.5,0.1,0,0,0,30,30,1110.649165528301,0,1,0
CL,Taxi  BEV (two packs),7.0735718042434765,48000,400000,World,1392.6061731980951,140,With Al smelting mostly form coal,NMC111,,0.7327526964518817,Taxi  BEV (two packs),23.42059629331185,1,0.6297829559188377,0,0.01838218259773705,0.01362834610140678,0.05206956631588695,0.0534196587076,0.028458830192368757,0.11012767633761567,0,0.06806383843374858,0.02589181413207628,0,6.06384041432819,459761.32176347333,0,0.0,0.19034624761904761,0.0,1,,0,2374.214786375086,0.0,0.0,5000,0.0,0.0,1000,0.0,0.0,0.0,0.0,0,Shared cars,Urban road,,1,212.5,0.1,0,0,0,30,30,1110.649165528301,0,1,0
CM,Taxi - FCEV,7.0735718042434765,48000,400000,World,1678.6055997795354,2.1411100330896784,With Al smelting mostly form coal,NMC111,Natural gas,0.7327526964518817,Taxi - FCEV,23.42059629331185,1,0.5743411860465593,0.03083063312601163,0.01618827862141268,0.021368613754404225,0.03272067763897081,0.03131940173257121,0.02877517795371581,0.11176175069643242,0.05320193477239204,0.06203298154960043,0.03728228608975265,0,6.06384041432819,459761.32176347333,0,0.0,0.0,3.237095925688697,0.0,,0,1693.6179715669675,0.0,0.0,5000,0.0,0.0,1000,0.0,0.0,0.0,0.0,0,Shared cars,Urban road,,1,212.5,0.1,0,0,0,30,30,1110.649165528301,0,1,0
CN,Large Private car - ICE,15,12100,181500,World,1898.2080492654404,0.0,With Al smelting mostly form coal,,,1.5,None,0.0,0.0,0.6091005027598001,0,0.08998199594373611,0.013867662363483515,0.03805803907598214,0.013632423296366183,0.03077791717125893,0.08953960826280741,0,0.09959645531335369,0.01532548185020674,0,15.981797884418038,1041588.5519979888,1,8.85,0.0,0.0,0.0,Gasoline (Oil),0,1898.2080492654404,0.0,0.0,5000,0.0,0.0,1000,0.0,0.0,0.0,0.0,0,Cars,Urban road including parking,,1.16,241.25,0.1,0,0,0,30,30,1110.649165528301,0,1,0
CO,Large Private car - HEV,15,12100,181500,World,2002.34527005376,3.0134141206447325,With Al smelting mostly form coal,NMC111,,1.5,None,0.0,0.0,0.6249032103094936,0,0.06374122037835762,0.00950942827718817,0.051368874374298185,0.03142403333492595,0.028164845047032296,0.08175736055523702,0,0.09270124737498696,0.016320047185959453,0,16.85857217453233,1098730.9379719475,1,6.514855875831485,0.0,0.0,0.0,Gasoline (Oil),0,2023.473793310146,0.0,0.0,5000,0.0,0.0,1000,0.0,0.0,0.0,0.0,0,Cars,Urban road including parking,,1.16,241.25,0.1,0,0,0,30,30,1110.649165528301,0,1,0
CP,Large Private car - PHEV,15,12100,181500,World,2097.3450795825606,16.055876435787546,With Al smelting mostly form coal,NMC111,,1.5,None,0.0,0.0,0.639878802236091,0,0.0722201713311266,0.008402395137657564,0.060187364711277815,0.03632578970929524,0.018103103972414342,0.06094344312633659,2.54743043220147e-06,0.09145689608102442,0.012408954690425517,0,17.658414823779882,1150859.4251972963,1,6.514855875831485,0.20009822527716184,0.0,0.66,Gasoline (Oil),0,2209.9206981645216,0.0,0.0,5000,0.0,0.0,1000,0.0,0.0,0.0,0.0,0,Cars,Urban road including parking,,1.16,241.25,0.1,0,0,0,30,30,1110.649165528301,0,1,0
CQ,Large Private car - BEV,15,12100,181500,World,1777.4175792144003,60,With Al smelting mostly form coal,NMC111,,1.5,None,0.0,0.0,0.6271512217570372,0,0.02245009664797959,0.010695034109097829,0.05001861556301204,0.04371683467033369,0.031258780399974956,0.09084902409122013,0,0.10133991092892489,0.02239869437631569,0,3.432299620773295,260237.4901895944,1,0.0,0.20009822527716184,0.0,1,,0,2198.106984861682,0.0,0.0,5000,0.0,0.0,1000,0.0,0.0,0.0,0.0,0,Cars,Urban road including parking,,1.16,241.25,0.1,0,0,0,30,30,1110.649165528301,0,1,0
CR,Large Private car - FCEV,15,12100,181500,World,2138.41685542384,3.0134141206447325,With Al smelting mostly form coal,NMC111,Natural gas,1.5,None,0.0,0.0,0.5729360517433268,0.02900569211399815,0.02097259552258665,0.019576091567075158,0.03378907185089558,0.027822055245524887,0.028973229686918605,0.09139841915007228,0.05250596731213321,0.09034185824130034,0.032566084853102556,0,4.129410807993995,313092.56864703126,1,0.0,0.0,3.6991791331514325,0.0,,0,2159.545378680226,0.0,0.0,5000,0.0,0.0,1000,0.0,0.0,0.0,0.0,0,Cars,Urban road including parking,,1.16,241.25,0.1,0,0,0,30,30,1110.649165528301,0,1,0
CS,Ridesourcing - Large car - ICE,7.0735718042434765,48000,400000,World,1898.2080492654404,0.0,With Al smelting mostly form coal,,,0.9518823529411765,Ridesourcing - Large car - ICE,23.42059629331185,1,0.6091005027598001,0,0.08998199594373611,0.013867662363483515,0.03805803907598214,0.013632423296366183,0.03077791717125893,0.08953960826280741,0,0.09959645531335369,0.01532548185020674,0,29.897096170932226,1948496.2414640042,0,8.85,0.0,0.0,0.0,Gasoline (Oil),0,1898.2080492654404,0.0,0.0,5000,0.0,0.0,1000,0.0,0.0,0.0,0.0,0,Shared cars,Urban road,,1,212.5,0.1,0,0,0,30,30,1110.649165528301,0,1,0
CT,Ridesourcing - Large car - HEV,7.0735718042434765,48000,400000,World,2002.34527005376,3.0134141206447325,With Al smelting mostly form coal,NMC111,,0.9518823529411765,Ridesourcing - Large car - HEV,23.42059629331185,1,0.6249032103094936,0,0.06374122037835762,0.00950942827718817,0.051368874374298185,0.03142403333492595,0.028164845047032296,0.08175736055523702,0,0.09270124737498696,0.016320047185959453,0,31.53727492061502,2055392.3129357635,0,6.514855875831485,0.0,0.0,0.0,Gasoline (Oil),0,2023.473793310146,0.0,0.0,5000,0.0,0.0,1000,0.0,0.0,0.0,0.0,0,Shared cars,Urban road,,1,212.5,0.1,0,0,0,30,30,1110.649165528301,0,1,0
CU,Ridesourcing - Large car - PHEV,7.0735718042434765,48000,400000,World,2097.3450795825606,16.055876435787546,With Al smelting mostly form coal,NMC111,,0.9518823529411765,Ridesourcing - Large car - PHEV,23.42059629331185,1,0.639878802236091,0,0.0722201713311266,0.008402395137657564,0.060187364711277815,0.03632578970929524,0.018103103972414342,0.06094344312633659,2.54743043220147e-06,0.09145689608102442,0.012408954690425517,0,33.03353790548745,2152908.900687193,0,6.514855875831485,0.20009822527716184,0.0,0.3591431387331247,Gasoline (Oil),0,2209.9206981645216,0.0,0.0,5000,0.0,0.0,1000,0.0,0.0,0.0,0.0,0,Shared cars,Urban road,,1,212.5,0.1,0,0,0,30,30,1110.649165528301,0,1,0
CV,Ridesourcing - Large car - BEV,7.0735718042434765,48000,400000,World,1777.4175792144003,70,With Al smelting mostly form coal,NMC111,,0.9518823529411765,Ridesourcing - Large car - BEV,23.42059629331185,1,0.6271512217570372,0,0.02245009664797959,0.010695034109097829,0.05001861556301204,0.04371683467033369,0.031258780399974956,0.09084902409122013,0,0.10133991092892489,0.02239869437631569,0,6.420791489908775,486825.4077387645,0,0.0,0.20009822527716184,0.0,1,,0,2268.2218858028955,0.0,0.0,5000,0.0,0.0,1000,0.0,0.0,0.0,0.0,0,Shared cars,Urban road,,1,212.5,0.1,0,0,0,30,30,1110.649165528301,0,1,0
CW,Ridesourcing - Large car - BEV (two packs),7.0735718042434765,48000,400000,World,1777.4175792144003,140,With Al smelting mostly form coal,NMC111,,0.9518823529411765,Ridesourcing - Large car - BEV (two packs),23.42059629331185,1,0.6271512217570372,0,0.02245009664797959,0.010695034109097829,0.05001861556301204,0.04371683467033369,0.031258780399974956,0.09084902409122013,0,0.10133991092892489,0.02239869437631569,0,7.724875070298075,585701.2272925106,0,0.0,0.20009822527716184,0.0,1,,0,2759.0261923913913,0.0,0.0,5000,0.0,0.0,1000,0.0,0.0,0.0,0.0,0,Shared cars,Urban road,,1,212.5,0.1,0,0,0,30,30,1110.649165528301,0,1,0
CX,Ridesourcing - Large car - FCEV,7.0735718042434765,48000,400000,World,2138.41685542384,3.0134141206447325,With Al smelting mostly form coal,NMC111,Natural gas,0.9518823529411765,Ridesourcing - Large car - FCEV,23.42059629331185,1,0.5729360517433268,0.02900569211399815,0.02097259552258665,0.019576091567075158,0.03378907185089558,0.027822055245524887,0.028973229686918605,0.09139841915007228,0.05250596731213321,0.09034185824130034,0.032566084853102556,0,7.724875070298075,585701.2272925106,0,0.0,0.0,3.6991791331514325,0.0,,0,2159.545378680226,0.0,0.0,5000,0.0,0.0,1000,0.0,0.0,0.0,0.0,0,Shared cars,Urban road,,1,212.5,0.1,0,0,0,30,30,1110.649165528301,0,1,0
CY,Ridesourcing - Shared van - ICE,7.0735718042434765,48000,374113.35320221056,World,1898.2080492654404,0.0,With Al smelting mostly form coal,,,3.2948375768217737,Ridesourcing - Shared van - ICE,13.394216133942162,1,0.6091005027598001,0,0.08998199594373611,0.013867662363483515,0.03805803907598214,0.013632423296366183,0.03077791717125893,0.08953960826280741,0,0.09959645531335369,0.01532548185020674,0,29.897096170932226,2126818.0548827793,0,8.85,0.0,0.0,0.0,Gasoline (Oil),0,1898.2080492654404,0.0,0.0,5000,0.0,0.0,1000,0.0,0.0,0.0,0.0,0,Shared cars,Urban road,,1,212.5,0.1,0,0,0,30,30,1110.649165528301,0,1,0
CZ,Ridesourcing - Shared van - HEV,7.0735718042434765,48000,374113.35320221056,World,2002.34527005376,3.0134141206447325,With Al smelting mostly form coal,NMC111,,3.2948375768217737,Ridesourcing - Shared van - HEV,13.394216133942162,1,0.6249032103094936,0,0.06374122037835762,0.00950942827718817,0.051368874374298185,0.03142403333492595,0.028164845047032296,0.08175736055523702,0,0.09270124737498696,0.016320047185959453,0,31.53727492061502,2152908.900687193,0,6.514855875831485,0.0,0.0,0.0,Gasoline (Oil),0,2023.473793310146,0.0,0.0,5000,0.0,0.0,1000,0.0,0.0,0.0,0.0,0,Shared cars,Urban road,,1,212.5,0.1,0,0,0,30,30,1110.649165528301,0,1,0
DA,Ridesourcing - Shared van - PHEV,7.0735718042434765,48000,374113.35320221056,World,2097.3450795825606,16.055876435787546,With Al smelting mostly form coal,NMC111,,3.2948375768217737,Ridesourcing - Shared van - PHEV,13.394216133942162,1,0.639878802236091,0,0.0722201713311266,0.008402395137657564,0.060187364711277815,0.03632578970929524,0.018103103972414342,0.06094344312633659,2.54743043220147e-06,0.09145689608102442,0.012408954690425517,0,33.03353790548745,1268411.9366535202,0,6.514855875831485,0.20009822527716184,0.0,0.4011998710520317,Gasoline (Oil),0,2209.9206981645216,0.0,0.0,5000,0.0,0.0,1000,0.0,0.0,0.0,0.0,0,Shared cars,Urban road,,1,212.5,0.1,0,0,0,30,30,1110.649165528301,0,1,0
DB,Ridesourcing - Shared van - BEV,7.0735718042434765,48000,374113.35320221056,World,1777.4175792144003,70,With Al smelting mostly form coal,NMC111,,3.2948375768217737,Ridesourcing - Shared van - BEV,13.394216133942162,1,0.6271512217570372,0,0.02245009664797959,0.010695034109097829,0.05001861556301204,0.04371683467033369,0.031258780399974956,0.09084902409122013,0,0.10133991092892489,0.02239869437631569,0,6.420791489908775,585701.2272925106,0,0.0,0.20009822527716184,0.0,1,,0,2268.2218858028955,0.0,0.0,5000,0.0,0.0,1000,0.0,0.0,0.0,0.0,0,Shared cars,Urban road,,1,212.5,0.1,0,0,0,30,30,1110.649165528301,0,1,0
DC,Ridesourcing - Shared van - BEV (two packs),7.0735718042434765,48000,374113.35320221056,World,1777.4175792144003,140,With Al smelting mostly form coal,NMC111,,3.2948375768217737,Ridesourcing - Shared van - BEV (two packs),13.394216133942162,1,0.6271512217570372,0,0.02245009664797959,0.010695034109097829,0.05001861556301204,0.04371683467033369,0.031258780399974956,0.09084902409122013,0,0.10133991092892489,0.02239869437631569,0,7.724875070298075,585701.2272925106,0,0.0,0.20009822527716184,0.0,1,,0,2759.0261923913913,0.0,0.0,5000,0.0,0.0,1000,0.0,0.0,0.0,0.0,0,Shared cars,Urban road,,1,212.5,0.1,0,0,0,30,30,1110.649165528301,0,1,0
DD,Ridesourcing - Shared van - FCEV,7.0735718042434765,48000,374113.35320221056,World,2138.41685542384,3.0134141206447325,With Al smelting mostly form coal,NMC111,Natural gas,3.2948375768217737,Ridesourcing - Shared van - FCEV,13.394216133942162,1,0.5729360517433268,0.02900569211399815,0.02097259552258665,0.019576091567075158,0.03378907185089558,0.027822055245524887,0.028973229686918605,0.09139841915007228,0.05250596731213321,0.09034185824130034,0.032566084853102556,0,7.724875070298075,585701.2272925106,0,0.0,0.0,3.6991791331514325,0.0,,0,2159.545378680226,0.0,0.0,5000,0.0,0.0,1000,0.0,0.0,0.0,0.0,0,Shared cars,Urban road,,1,212.5,0.1,0,0,0,30,30,1110.649165528301,0,1,0
DE,Ridesourcing - Shared minibus - ICE,7.0735718042434765,48000,374113.35320221056,World,3554.179786605722,0.0,With Al smelting mostly form coal,,,7.396488815682954,Ridesourcing - Shared minibus - ICE,13.394216133942162,1,0.6085303984272804,0,0.07245125601316434,0.025443423441454845,0.04758131961247784,0.013018795129721454,0.03396262940561144,0.08987625474803349,0,0.08778097194692501,0.02125839954693119,0,29.897096170932226,2227723.3848166387,0,15.100454684954343,0.0,0.0,0.0,Gasoline (Oil),0,3554.179786605722,0.0,0.0,5000,0.0,0.0,1000,0.0,0.0,0.0,0.0,0,Shared cars,Urban road,,1,212.5,0.1,0,0,0,30,30,1110.649165528301,0,1,0
DF,Ridesourcing - Shared minibus - HEV,7.0735718042434765,48000,374113.35320221056,World,3605.297880700612,6.457642700556139,With Al smelting mostly form coal,NMC111,,7.396488815682954,Ridesourcing - Shared minibus - HEV,13.394216133942162,1,0.6231937813074928,0,0.05132283883891105,0.022168751861788648,0.05857703145188993,0.027377694597224396,0.03200942232190659,0.08390219118776437,0,0.08235374148544981,0.019006192545477345,0,31.53727492061502,1268411.9366535202,0,11.116077506440892,0.0,0.0,0.0,Gasoline (Oil),0,3650.5755785269366,0.0,0.0,5000,0.0,0.0,1000,0.0,0.0,0.0,0.0,0,Shared cars,Urban road,,1,212.5,0.1,0,0,0,30,30,1110.649165528301,0,1,0
DH,Ridesourcing - Shared minibus - BEV,7.0735718042434765,48000,339531.4466036869,World,3692.371186920518,150,With Al smelting mostly form coal,NMC111,,7.396488815682954,Ridesourcing - Shared minibus - BEV,0,1,0.600100665453034,0,0.01807625717460293,0.033757101247984256,0.07010500617513452,0.03879663764578677,0.03339384554893837,0.0890791171201181,0,0.08839462625184369,0.028198683164301033,0,6.420791489908775,585701.2272925106,0,0.0,0.42880360684672125,0.0,1,,0,4744.094701038723,0.0,0.0,5000,0.0,0.0,1000,0.0,0.0,0.0,0.0,0,Shared cars,Urban road,,1,212.5,0.1,0,0,0,30,30,1110.649165528301,0,1,0
DI,Ridesourcing - Shared minibus - BEV (two packs),7.0735718042434765,48000,339531.4466036869,World,3692.371186920518,300,With Al smelting mostly form coal,NMC111,,7.396488815682954,Ridesourcing - Shared minibus - BEV (two packs),0,1,0.600100665453034,0,0.01807625717460293,0.033757101247984256,0.07010500617513452,0.03879663764578677,0.03339384554893837,0.0890791171201181,0,0.08839462625184369,0.028198683164301033,0,7.724875070298075,585701.2272925106,0,0.0,0.42880360684672125,0.0,1,,0,5795.818215156927,0.0,0.0,5000,0.0,0.0,1000,0.0,0.0,0.0,0.0,0,Shared cars,Urban road,,1,212.5,0.1,0,0,0,30,30,1110.649165528301,0,1,0
DJ,Ridesourcing - Shared minibus - FCEV,7.0735718042434765,48000,339531.4466036869,World,4081.9599178517346,6.457642700556139,With Al smelting mostly form coal,NMC111,Natural gas,7.396488815682954,Ridesourcing - Shared minibus - FCEV,0,1,0.5566742688671777,0.023354658930930205,0.016886610166077846,0.040353754346906676,0.05578748788722458,0.026929108133027548,0.031322509393159496,0.08967346787758695,0.042276493648005335,0.0793872947293267,0.037263455679036925,0,7.724875070298075,585701.2272925106,0,0.0,0.0,6.7747698146364685,0.0,,0,4127.237615678059,0.0,0.0,5000,0.0,0.0,1000,0.0,0.0,0.0,0.0,0,Shared cars,Urban road,,1,212.5,0.1,0,0,0,30,30,1110.649165528301,0,1,0
DK,Bus - ICE (lifetime 25% lower),6.75,44000,330000,World,10398,0.0,With Al smelting mostly form coal,,,17,Bus - ICE (lifetime 25% lower),13.394216133942162,1,0.6061742642815926,0.0,0.0,0.073283870149854,0.08693924968088267,0.010482785150990576,0.0471244470090402,0.09126755145220235,0.0,0.038949798038084245,0.04577803423735334,0,26.15203290177497,2060032.7314532786,0,40.93241011705685,0.0,0.0,0.0,Diesel (Oil),0,10398,0.0,0.0,5000,0.0,0.0,1000,0.0,0.0,0.0,0.0,0,Buses,Bus lane,Urban road,1,212.5,0.1,1,212.5,0.1,30,30,230.64687168610814,1110.649165528301,0.03356022289872266,0
DL,Bus - ICE (lifetime 25% larger),11.25,44000,550000,World,10398,0.0,With Al smelting mostly form coal,,,17,Bus - ICE (lifetime 25% larger),13.394216133942162,1,0.6061742642815926,0.0,0.0,0.073283870149854,0.08693924968088267,0.010482785150990576,0.0471244470090402,0.09126755145220235,0.0,0.038949798038084245,0.04577803423735334,0,43.586721502958284,3433387.8857554644,0,40.93241011705685,0.0,0.0,0.0,Diesel (Oil),0,10398,0.0,0.0,5000,0.0,0.0,1000,0.0,0.0,0.0,0.0,0,Buses,Bus lane,Urban road,1,212.5,0.1,1,212.5,0.1,30,30,230.64687168610814,1110.649165528301,0.03356022289872266,0
DM,Bus - ICE (100% bus lane),9,44000,440000,World,10398,0.0,With Al smelting mostly form coal,,,17,Bus - ICE (100% bus lane),13.394216133942162,1,0.6061742642815926,0.0,0.0,0.073283870149854,0.08693924968088267,0.010482785150990576,0.0471244470090402,0.09126755145220235,0.0,0.038949798038084245,0.04577803423735334,0,34.86937720236663,2746710.3086043713,0,36.83916910535116,0.0,0.0,0.0,Diesel (Oil),0,10398,0.0,0.0,5000,0.0,0.0,1000,0.0,0.0,0.0,0.0,0,Buses,Bus lane,Urban road,1,212.5,0.1,1,212.5,0.1,30,30,230.64687168610814,1110.649165528301,1,0
DN,Bus - ICE (deadheading doubled),9,44000,484000,World,10398,0.0,With Al smelting mostly form coal,,,17,Bus - ICE (deadheading doubled),26.788432267884325,1,0.6061742642815926,0.0,0.0,0.073283870149854,0.08693924968088267,0.010482785150990576,0.0471244470090402,0.09126755145220235,0.0,0.038949798038084245,0.04577803423735334,0,34.86937720236663,2746710.3086043713,0,40.93241011705685,0.0,0.0,0.0,Diesel (Oil),0,10398,0.0,0.0,5000,0.0,0.0,1000,0.0,0.0,0.0,0.0,0,Buses,Bus lane,Urban road,1,212.5,0.1,1,212.5,0.1,30,30,230.64687168610814,1110.649165528301,0.03356022289872266,0
DO,Bus - ICE (ridership down by 50%),9,44000,440000,World,10398,0.0,With Al smelting mostly form coal,,,8.5,Bus - ICE (ridership down by 50%),13.394216133942162,1,0.6061742642815926,0.0,0.0,0.073283870149854,0.08693924968088267,0.010482785150990576,0.0471244470090402,0.09126755145220235,0.0,0.038949798038084245,0.04577803423735334,0,34.86937720236663,2746710.3086043713,0,40.93241011705685,0.0,0.0,0.0,Diesel (Oil),0,10398,0.0,0.0,5000,0.0,0.0,1000,0.0,0.0,0.0,0.0,0,Buses,Bus lane,Urban road,1,212.5,0.1,1,212.5,0.1,30,30,230.64687168610814,1110.649165528301,0.03356022289872266,0
DP,Bus - ICE (ridership up by 50%),9,44000,440000,World,10398,0.0,With Al smelting mostly form coal,,,25.5,Bus - ICE (ridership up by 50%),13.394216133942162,1,0.6061742642815926,0.0,0.0,0.073283870149854,0.08693924968088267,0.010482785150990576,0.0471244470090402,0.09126755145220235,0.0,0.038949798038084245,0.04577803423735334,0,34.86937720236663,2746710.3086043713,0,40.93241011705685,0.0,0.0,0.0,Diesel (Oil),0,10398,0.0,0.0,5000,0.0,0.0,1000,0.0,0.0,0.0,0.0,0,Buses,Bus lane,Urban road,1,212.5,0.1,1,212.5,0.1,30,30,230.64687168610814,1110.649165528301,0.03356022289872266,0
DQ,Bus - ICE,9,44000,440000,World,10398,0.0,With Al smelting mostly form coal,,,17,Bus - ICE,13.394216133942162,1,0.6061742642815926,0.0,0.0,0.073283870149854,0.08693924968088267,0.010482785150990576,0.0471244470090402,0.09126755145220235,0.0,0.038949798038084245,0.04577803423735334,0,34.86937720236663,2272556.840722885,0,40.93241011705685,0.0,0.0,0.0,Diesel (Oil),0,10398,0.0,0.0,5000,0.0,0.0,1000,0.0,0.0,0.0,0.0,0,Buses,Bus lane,Urban road,1,212.5,0.1,1,212.5,0.1,30,30,230.64687168610814,1110.649165528301,0.03356022289872266,0
DR,Bus - HEV,9,44000,440000,World,10230,20,With Al smelting mostly form coal,LFP: solid state,,17,Bus - HEV,13.394216133942162,1,0.6161290322580645,0.0,0.0,0.0744873589265085,0.08836699102461565,0.010654936461388074,0.047898338220918865,0.09276637341153471,0.0,0.039589442815249266,0.030107526881720432,0,36.782339289888725,2397231.13739334,0,30.13206243650305,0.0,0.0,0.0,Diesel (Oil),0,10402.54263511166,0.0,0.0,5000,0.0,0.0,1000,0.0,0.0,0.0,0.0,0,Buses,Bus lane,Urban road,1,212.5,0.1,1,212.5,0.1,30,30,230.64687168610814,1110.649165528301,0.03356022289872266,0
DS,"Bus - BEV (two packs, 100% zero-carbon electricity)",9,44000,440000,"100% solar, wind or hydro",11606.514836002854,650,With Al smelting mostly form coal,LFP: solid state,,17,"Bus - BEV (two packs, 100% zero-carbon electricity)",13.394216133942162,1,0.48830579610686975,0.0,0.0,0.12906829387816038,0.15311828652626472,0.018462387313374753,0.042217668863011606,0.0817644239816286,0.0,0.03489419569289735,0.052168947637792874,0,7.488653718050826,567790.8876863878,0,0.0,1.3739999999999999,0.0,1,,0,17214.15047713182,0.0,0.0,5000,0.0,0.0,1000,0.0,0.0,0.0,0.0,0,Buses,Bus lane,Urban road,1,212.5,0.1,1,212.5,0.1,30,30,230.64687168610814,1110.649165528301,0.03356022289872266,0
DT,Bus - BEV (two packs),9,44000,440000,World,11606.514836002854,650,With Al smelting mostly form coal,LFP: solid state,,17,Bus - BEV (two packs),13.394216133942162,1,0.48830579610686975,0.0,0.0,0.12906829387816038,0.15311828652626472,0.018462387313374753,0.042217668863011606,0.0817644239816286,0.0,0.03489419569289735,0.052168947637792874,0,7.488653718050826,567790.8876863878,0,0.0,1.3739999999999999,0.0,1,,0,17214.15047713182,0.0,0.0,5000,0.0,0.0,1000,0.0,0.0,0.0,0.0,0,Buses,Bus lane,Urban road,1,212.5,0.1,1,212.5,0.1,30,30,230.64687168610814,1110.649165528301,0.03356022289872266,0
DU,Bus - BEV,9,44000,440000,World,11606.514836002854,325,With Al smelting mostly form coal,LFP: solid state,,17,Bus - BEV,13.394216133942162,1,0.48830579610686975,0.0,0.0,0.12906829387816038,0.15311828652626472,0.018462387313374753,0.042217668863011606,0.0817644239816286,0.0,0.03489419569289735,0.052168947637792874,0,7.488653718050826,567790.8876863878,0,0.0,1.3739999999999999,0.0,1,,0,14410.332656567338,0.0,0.0,5000,0.0,0.0,1000,0.0,0.0,0.0,0.0,0,Buses,Bus lane,Urban road,1,212.5,0.1,1,212.5,0.1,30,30,230.64687168610814,1110.649165528301,0.03356022289872266,0
DV,"Bus - FCEV, hydrogen from electrolysis (100% zero-carbon electricity)",9,44000,440000,World,12114.258414449205,20,With Al smelting mostly form coal,LFP: solid state,Electrolysis (Renewables),17,"Bus - FCEV, hydrogen from electrolysis (100% zero-carbon electricity)",13.394216133942162,1,0.48830579610686975,0.0,0.0,0.12906829387816038,0.15311828652626472,0.018462387313374753,0.042217668863011606,0.0817644239816286,0.0,0.03489419569289735,0.052168947637792874,0,7.488653718050826,567790.8876863878,0,0.0,0.0,19.48560853213875,0.0,,0,12286.801049560865,0.0,0.0,5000,0.0,0.0,1000,0.0,0.0,0.0,0.0,0,Buses,Bus lane,Urban road,1,212.5,0.1,1,212.5,0.1,30,30,230.64687168610814,1110.649165528301,0.03356022289872266,0
DW,Bus - FCEV,9,44000,440000,World,12114.258414449205,20,With Al smelting mostly form coal,LFP: solid state,Natural gas,17,Bus - FCEV,13.394216133942162,1,0.489467374060887,0.0,0.0,0.12622393275230104,0.14670281025492055,0.02323872540474696,0.041031641244837096,0.08254456819919255,0.0,0.03411414090571701,0.0566768071773978,0,9.009623581077808,683111.0588662501,0,0.0,0.0,19.48560853213875,0.0,,0,12286.801049560865,0.0,0.0,5000,0.0,0.0,1000,0.0,0.0,0.0,0.0,0,Buses,Bus lane,Urban road,1,212.5,0.1,1,212.5,0.1,30,30,230.64687168610814,1110.649165528301,0.03356022289872266,0
DX,Metro/urban train (infrastructure lifetime 25% higher),40,66000,2640000,World,186000,0.0,With Al smelting mostly form coal,,,190,None,0,0.0,0.6973027770768572,0.0,0.0,0.10861380070225703,0.0,0.0,0.016837199637091876,0.052161032090813644,0.0,0.03142546104528821,0.09365972944769202,0,14.29948372288447,1084189.0761891042,0,0.0,17.72111111111111,0.0,1,,0,186000,0.0,5000,5000,0.0,0.0,0.0,0.0,0.0,0.0,0.0,0,Metro,Metro track,,0,2512.5,960,0,0,0,62.5,50,103.98009950248756,0,1,1
DY,Metro/urban train (infrastructure lifetime 25% lower),40,66000,2640000,World,186000,0.0,With Al smelting mostly form coal,,,190,None,0,0.0,0.6973027770768572,0.0,0.0,0.10861380070225703,0.0,0.0,0.016837199637091876,0.052161032090813644,0.0,0.03142546104528821,0.09365972944769202,0,14.29948372288447,1084189.0761891042,0,0.0,17.72111111111111,0.0,1,,0,186000,0.0,5000,5000,0.0,0.0,0.0,0.0,0.0,0.0,0.0,0,Metro,Metro track,,0,2512.5,960,0,0,0,37.5,50,103.98009950248756,0,1,1
DZ,Metro/urban train (network usage frequency down by 25%),40,66000,2640000,World,186000,0.0,With Al smelting mostly form coal,,,190,None,0,0.0,0.6973027770768572,0.0,0.0,0.10861380070225703,0.0,0.0,0.016837199637091876,0.052161032090813644,0.0,0.03142546104528821,0.09365972944769202,0,14.29948372288447,1084189.0761891042,0,0.0,17.72111111111111,0.0,1,,0,186000,0.0,5000,5000,0.0,0.0,0.0,0.0,0.0,0.0,0.0,0,Metro,Metro track,,0,2512.5,960,0,0,0,50,50,77.98507462686567,0,1,1
EA,Metro/urban train (network usage frequency up by 25%),40,66000,2640000,World,186000,0.0,With Al smelting mostly form coal,,,190,None,0,0.0,0.6973027770768572,0.0,0.0,0.10861380070225703,0.0,0.0,0.016837199637091876,0.052161032090813644,0.0,0.03142546104528821,0.09365972944769202,0,14.29948372288447,1084189.0761891042,0,0.0,17.72111111111111,0.0,1,,0,186000,0.0,5000,5000,0.0,0.0,0.0,0.0,0.0,0.0,0.0,0,Metro,Metro track,,0,2512.5,960,0,0,0,50,50,129.97512437810946,0,1,1
EB,Metro/urban train (ridership per train down by 50%),40,66000,2640000,World,186000,0.0,With Al smelting mostly form coal,,,142.5,None,0,0.0,0.6973027770768572,0.0,0.0,0.10861380070225703,0.0,0.0,0.016837199637091876,0.052161032090813644,0.0,0.03142546104528821,0.09365972944769202,0,14.29948372288447,1084189.0761891042,0,0.0,17.72111111111111,0.0,1,,0,186000,0.0,5000,5000,0.0,0.0,0.0,0.0,0.0,0.0,0.0,0,Metro,Metro track,,0,2512.5,960,0,0,0,50,50,103.98009950248756,0,1,1
EC,Metro/urban train (ridership per train up by 50%),40,66000,2640000,World,186000,0.0,With Al smelting mostly form coal,,,237.5,None,0,0.0,0.6973027770768572,0.0,0.0,0.10861380070225703,0.0,0.0,0.016837199637091876,0.052161032090813644,0.0,0.03142546104528821,0.09365972944769202,0,14.29948372288447,1084189.0761891042,0,0.0,17.72111111111111,0.0,1,,0,186000,0.0,5000,5000,0.0,0.0,0.0,0.0,0.0,0.0,0.0,0,Metro,Metro track,,0,2512.5,960,0,0,0,50,50,103.98009950248756,0,1,1
ED,Metro/urban train,40,66000,2640000,World,186000,0.0,With Al smelting mostly form coal,,,190,None,0,0.0,0.6973027770768572,0.0,0.0,0.10861380070225703,0.0,0.0,0.016837199637091876,0.052161032090813644,0.0,0.03142546104528821,0.09365972944769202,0,14.29948372288447,1084189.0761891042,0,0.0,17.72111111111111,0.0,1,,0,186000,0.0,5000,5000,0.0,0.0,0.0,0.0,0.0,0.0,0.0,0,Metro,Metro track,,0,2512.5,960,0,0,0,50,50,103.98009950248756,0,1,1
